"class_names","auroc","auprc","times"
"GO:0000166",1,1,29.633
"GO:0000166",0.499682,0.000632,31.791
"GO:0000166",1,1,31.302
"GO:0000166",0.499365,0.00063,30.647
"GO:0000166",0.499365,0.00063,29.27
"GO:0000166",0.499365,0.00063,30.585
"GO:0000166",0.498729,0.000627,32.189
"GO:0000166",1,1,29.863
"GO:0000166",0.999682,0.5,33.176
"GO:0000166",0.499683,0.001263,33.778
"GO:0000166",0.6995871,0.3504412,312.328
"GO:0000976",0.69095,0.038243,28.739
"GO:0000976",0.903875,0.117324,29.932
"GO:0000976",0.829297,0.279296,32.432
"GO:0000976",0.891083,0.14854,32.203
"GO:0000976",0.820215,0.069219,28.9399999999999
"GO:0000976",0.984979,0.109332,29.306
"GO:0000976",0.891523,0.296998,31.784
"GO:0000976",0.820488,0.068432,25.9590000000001
"GO:0000976",0.825579,0.166141,31.9250000000001
"GO:0000976",0.990393,0.195637,28.722
"GO:0000976",0.8648382,0.1489162,300.128
"GO:0000977",0.791969,0.073505,31.574
"GO:0000977",0.887389,0.100753,30.226
"GO:0000977",0.740446,0.054017,29.522
"GO:0000977",0.990828,0.174335,29.48
"GO:0000977",0.740658,0.092553,29.9299999999999
"GO:0000977",0.987635,0.182925,30.405
"GO:0000977",0.897134,0.639834,27.816
"GO:0000977",0.823514,0.097069,30.0709999999999
"GO:0000977",0.787643,0.232044,30.816
"GO:0000977",0.909501,0.25103,29.741
"GO:0000977",0.8556717,0.1898065,299.673
"GO:0000981",0.497775,0.000623,29.658
"GO:0000981",0.494278,0.001218,33.5730000000001
"GO:0000981",0.748094,0.501842,28.3610000000001
"GO:0000981",0.74555,0.03192,31.2429999999999
"GO:0000981",0.497141,0.001238,27.8589999999999
"GO:0000981",0.498093,0.000624,29.0040000000001
"GO:0000981",0.496821,0.001237,24.5260000000001
"GO:0000981",0.747459,0.066751,29.943
"GO:0000981",0.748411,0.501896,30.827
"GO:0000981",0.748729,0.155464,32.1100000000001
"GO:0000981",0.6222351,0.1262813,297.218
"GO:0000988",0.991736,0.035809,32.4649999999999
"GO:0000988",0.747935,0.066852,26.1610000000001
"GO:0000988",0.999682,0.5,29.104
"GO:0000988",0.747776,0.251819,28.9979999999998
"GO:0000988",0.495553,0.001226,31.144
"GO:0000988",0.496821,0.000619,30.3720000000001
"GO:0000988",0.497141,0.001238,31.1379999999999
"GO:0000988",0.496186,0.000616,30.037
"GO:0000988",0.746347,0.040199,29.4559999999999
"GO:0000988",0.498094,0.001247,33.3690000000001
"GO:0000988",0.6717271,0.0899625,302.328
"GO:0000989",0.991736,0.035809,28.222
"GO:0000989",0.747935,0.066852,28.0719999999999
"GO:0000989",0.999682,0.5,28.7160000000001
"GO:0000989",0.747776,0.251819,28.194
"GO:0000989",0.495553,0.001226,27.3700000000001
"GO:0000989",0.496821,0.000619,34.548
"GO:0000989",0.497141,0.001238,31.3799999999999
"GO:0000989",0.496186,0.000616,28.8449999999998
"GO:0000989",0.746347,0.040199,30.481
"GO:0000989",0.498094,0.001247,29.7560000000001
"GO:0000989",0.6717271,0.0899625,295.675
"GO:0001012",0.793372,0.15805,30.288
"GO:0001012",0.742352,0.144413,32.7990000000002
"GO:0001012",0.903875,0.0964,29.653
"GO:0001012",0.742458,0.105011,29.807
"GO:0001012",0.908227,0.331621,27.8389999999999
"GO:0001012",0.690312,0.052726,29.3710000000001
"GO:0001012",0.911462,0.502659,29.162
"GO:0001012",0.908864,0.297888,28.4429999999998
"GO:0001012",0.90461,0.252151,30.3469999999998
"GO:0001012",0.824045,0.132231,28.4839999999999
"GO:0001012",0.8329577,0.207315,296.288
"GO:0001067",0.905931,0.112794,31.3850000000002
"GO:0001067",0.739802,0.050253,32.393
"GO:0001067",0.984969,0.105879,32.0220000000004
"GO:0001067",0.776564,0.088643,30.2980000000002
"GO:0001067",0.821702,0.36695,29.375
"GO:0001067",0.907266,0.209578,27.7469999999998
"GO:0001067",0.988528,0.207646,30.4669999999996
"GO:0001067",0.821542,0.117538,34.3340000000003
"GO:0001067",0.824251,0.230405,29.0450000000001
"GO:0001067",0.850451,0.4655,29.5590000000002
"GO:0001067",0.8621006,0.1955186,306.727
"GO:0001076",0.497459,0.000621,33.4940000000001
"GO:0001076",0.999047,0.225347,33.4250000000002
"GO:0001076",0.499047,0.000629,29.6640000000002
"GO:0001076",0.499047,0.000629,30.6179999999999
"GO:0001076",0.99873,0.18907,29.1660000000002
"GO:0001076",0.499047,0.000629,33.1680000000001
"GO:0001076",0.499047,0.000629,29.9720000000002
"GO:0001076",0.498729,0.000627,29.2839999999997
"GO:0001076",0.499047,0.000629,33.0720000000001
"GO:0001076",0.5,0,30.0500000000002
"GO:0001076",0.59892,0.041881,312.009
"GO:0001085",0.495547,0.001228,31.049
"GO:0001085",0.497457,0.001242,30.5819999999999
"GO:0001085",0.497139,0.001239,29.0840000000003
"GO:0001085",0.498093,0.00187,29.8670000000002
"GO:0001085",0.495868,0.001229,31.4099999999999
"GO:0001085",0.496186,0.001232,30.3319999999999
"GO:0001085",0.49555,0.001839,27.2929999999997
"GO:0001085",0.498093,0.001248,31.3530000000001
"GO:0001085",0.495868,0.001229,28.0360000000001
"GO:0001085",0.665289,0.053079,29.1750000000002
"GO:0001085",0.513509,0.0065435,298.26
"GO:0001664",0.498094,0.000624,26.25
"GO:0001664",0.497141,0.00062,28.7649999999999
"GO:0001664",0.499365,0.00063,30.5129999999999
"GO:0001664",1,1,31.866
"GO:0001664",0.499047,0.001256,31.0639999999999
"GO:0001664",0.999365,0.306853,36.0360000000001
"GO:0001664",0.498094,0.000624,28.8050000000003
"GO:0001664",0.998729,0.18907,35.7860000000001
"GO:0001664",0.999365,0.306853,32.5599999999999
"GO:0001664",0.999365,0.5,31.5630000000001
"GO:0001664",0.7488565,0.230653,313.302
"GO:0002020",0.498412,0.000625,29.797
"GO:0002020",0.499047,0.000629,28.7349999999997
"GO:0002020",0.498729,0.000627,30.2110000000002
"GO:0002020",0.498094,0.000624,29.3070000000002
"GO:0002020",0.499683,0.000632,30.3740000000003
"GO:0002020",0.497776,0.000622,29.2050000000004
"GO:0002020",0.499047,0.000629,27.1729999999998
"GO:0002020",0.498729,0.000627,34.0529999999999
"GO:0002020",0.497459,0.000621,28.489
"GO:0002020",0.5,0,31.1790000000001
"GO:0002020",0.4986976,0.0005636,298.595
"GO:0003674",0.824036,0.359187,32.5479999999998
"GO:0003674",0.791853,0.37067,28.4919999999997
"GO:0003674",0.784344,0.375544,29.279
"GO:0003674",0.765457,0.340588,29.8429999999998
"GO:0003674",0.749066,0.267593,29.7330000000002
"GO:0003674",0.763638,0.305763,27.0300000000002
"GO:0003674",0.762265,0.311303,29.6170000000002
"GO:0003674",0.79611,0.384747,30.7250000000004
"GO:0003674",0.75874,0.290654,30.4860000000003
"GO:0003674",0.750601,0.335302,27.9750000000004
"GO:0003674",0.774611,0.3341351,295.803
"GO:0003676",0.7471,0.2386,27.7860000000001
"GO:0003676",0.822283,0.176581,30.123
"GO:0003676",0.76699,0.241238,35.5040000000004
"GO:0003676",0.69949,0.174188,29.4540000000002
"GO:0003676",0.818885,0.142789,28.2570000000005
"GO:0003676",0.88375,0.238417,32.0650000000005
"GO:0003676",0.780844,0.163713,29.3500000000004
"GO:0003676",0.859699,0.384732,28.9720000000007
"GO:0003676",0.681322,0.099723,31.3320000000003
"GO:0003676",0.750446,0.204174,27.25
"GO:0003676",0.7810809,0.2064155,300.185
"GO:0003677",0.894754,0.406708,26.5050000000001
"GO:0003677",0.769421,0.191301,29.7149999999992
"GO:0003677",0.819098,0.29252,31.4560000000001
"GO:0003677",0.746571,0.079258,29.5389999999998
"GO:0003677",0.818591,0.377775,30.3819999999996
"GO:0003677",0.861173,0.243489,25.4919999999993
"GO:0003677",0.843657,0.249407,28.8999999999996
"GO:0003677",0.778692,0.160036,28.6530000000002
"GO:0003677",0.806355,0.078294,31.415
"GO:0003677",0.73279,0.177074,31.0379999999996
"GO:0003677",0.8071102,0.2255862,293.187
"GO:0003690",0.818506,0.073481,29.6729999999998
"GO:0003690",0.771547,0.102009,30.1490000000003
"GO:0003690",0.994032,0.423022,28.3100000000004
"GO:0003690",0.845443,0.142268,28.5569999999998
"GO:0003690",0.9165,0.275108,30.6449999999995
"GO:0003690",0.848943,0.154394,31.4809999999998
"GO:0003690",0.771875,0.081959,27.2519999999995
"GO:0003690",0.701849,0.196863,29.9880000000003
"GO:0003690",0.839559,0.058089,30.3679999999995
"GO:0003690",0.847401,0.153955,27.9639999999999
"GO:0003690",0.8355655,0.1661148,294.464999999999
"GO:0003700",0.827923,0.062994,26.6869999999999
"GO:0003700",0.658927,0.013299,33.25
"GO:0003700",0.743559,0.087193,28.7540000000008
"GO:0003700",0.494911,0.001834,28.25
"GO:0003700",0.871263,0.361552,29.6699999999992
"GO:0003700",0.658604,0.014768,31.2430000000004
"GO:0003700",0.66179,0.032168,29.1840000000002
"GO:0003700",0.747455,0.186466,29.451
"GO:0003700",0.828562,0.102734,31.4699999999993
"GO:0003700",0.49014,0.002385,25.9110000000001
"GO:0003700",0.6983134,0.0865393,293.967000000001
"GO:0003712",0.498729,0.000627,28.9490000000005
"GO:0003712",0.497459,0.000621,28.2960000000003
"GO:0003712",1,1,29.4350000000004
"GO:0003712",0.497459,0.000621,28.8010000000004
"GO:0003712",0.49873,0.000626,27.4160000000002
"GO:0003712",0.496188,0.000616,30.201
"GO:0003712",0.497141,0.00062,30.5249999999996
"GO:0003712",1,1,35.1179999999995
"GO:0003712",0.999047,0.225347,28.2960000000003
"GO:0003712",0.5,0,29.2650000000003
"GO:0003712",0.6484753,0.2229078,296.389999999999
"GO:0003723",0.692798,0.051436,29.0540000000001
"GO:0003723",0.743047,0.107956,28.0129999999999
"GO:0003723",0.795159,0.187618,29.5990000000002
"GO:0003723",0.57696,0.171403,25.7950000000001
"GO:0003723",0.792611,0.09763,28.2210000000005
"GO:0003723",0.827229,0.371608,30.3699999999999
"GO:0003723",0.793372,0.306354,34.4690000000001
"GO:0003723",0.823408,0.254216,30.3220000000001
"GO:0003723",0.591592,0.203892,30.0879999999997
"GO:0003723",0.656635,0.202329,29.8940000000002
"GO:0003723",0.7292811,0.1954442,295.898
"GO:0003727",0.997457,0.107426,29.598
"GO:0003727",0.747935,0.070472,28.3689999999997
"GO:0003727",0.999682,0.666667,31.9270000000006
"GO:0003727",0.497141,0.00062,30.4889999999996
"GO:0003727",0.497139,0.001239,28.299
"GO:0003727",0.746665,0.052961,27.1620000000003
"GO:0003727",0.496186,0.000616,30.652
"GO:0003727",0.496823,0.001236,30.0640000000003
"GO:0003727",0.495868,0.001229,33.5039999999999
"GO:0003727",0.748888,0.252038,29.1379999999999
"GO:0003727",0.6723784,0.1154504,299.282
"GO:0003729",0.999046,0.225347,29.7830000000004
"GO:0003729",0.999047,0.436147,28.0479999999998
"GO:0003729",0.998887,0.339573,32.6019999999999
"GO:0003729",0.494282,0.000609,31.3909999999996
"GO:0003729",0.747616,0.096403,30.5990000000002
"GO:0003729",0.743964,0.022077,30.5010000000002
"GO:0003729",0.494596,0.000611,33.7529999999997
"GO:0003729",0.747141,0.078532,32.0069999999996
"GO:0003729",0.495868,0.001229,32.3089999999993
"GO:0003729",0.748094,0.155321,29.1980000000003
"GO:0003729",0.7468541,0.1355849,310.295
"GO:0003730",0.498411,0.000626,28.1530000000002
"GO:0003730",0.496188,0.000616,26.7269999999999
"GO:0003730",0.497459,0.000621,29.6629999999996
"GO:0003730",0.998888,0.324991,28.1799999999994
"GO:0003730",0.998094,0.136954,32.1559999999999
"GO:0003730",0.996188,0.075096,35.1440000000002
"GO:0003730",1,1,29.3469999999998
"GO:0003730",0.998729,0.18907,32.1610000000001
"GO:0003730",0.998729,0.18907,29.5679999999993
"GO:0003730",0.748571,0.501925,24.973
"GO:0003730",0.8231257,0.2418969,296.148999999999
"GO:0003824",0.777619,0.143851,28.4809999999998
"GO:0003824",0.847755,0.267016,25.723
"GO:0003824",0.771258,0.148838,26.0140000000001
"GO:0003824",0.797422,0.246349,26.8200000000006
"GO:0003824",0.814174,0.160389,28.2820000000002
"GO:0003824",0.768277,0.178168,29.866
"GO:0003824",0.785525,0.248806,24.8740000000007
"GO:0003824",0.785879,0.282721,26.9160000000002
"GO:0003824",0.736818,0.117004,34.2300000000005
"GO:0003824",0.788311,0.185239,24.8800000000001
"GO:0003824",0.7873038,0.1978381,276.161
"GO:0003924",0.5,0.000635,27.4449999999997
"GO:0003924",1,1,29.991
"GO:0003924",1,1,30.0919999999996
"GO:0003924",0.5,0.000635,29.0930000000008
"GO:0003924",0.749365,0.502144,27.951
"GO:0003924",1,1,26.5519999999997
"GO:0003924",0.999365,0.306853,26.768
"GO:0003924",0.499365,0.00063,30.3249999999998
"GO:0003924",0.499365,0.00063,25.5929999999998
"GO:0003924",0.749524,0.502216,24.5889999999999
"GO:0003924",0.7496984,0.4313743,278.474
"GO:0004175",0.497775,0.000623,27.0439999999999
"GO:0004175",0.747776,0.05318,26.4889999999996
"GO:0004175",0.498729,0.000627,24.509
"GO:0004175",0.748571,0.091737,26.1459999999997
"GO:0004175",0.499365,0.00126,23.7080000000005
"GO:0004175",0.499682,0.000633,26.5320000000002
"GO:0004175",0.49587,0.001229,26.8220000000001
"GO:0004175",1,1,26.5600000000004
"GO:0004175",0.999841,0.887327,26.2340000000004
"GO:0004175",0.748571,0.501925,28.8870000000006
"GO:0004175",0.673618,0.2538541,263.003
"GO:0004518",0.743003,0.019203,28.0969999999998
"GO:0004518",0.494596,0.001829,26.4850000000006
"GO:0004518",0.746024,0.096213,24.1210000000001
"GO:0004518",0.664442,0.078094,24.8450000000003
"GO:0004518",0.662428,0.021505,27.4390000000003
"GO:0004518",0.743321,0.020515,31.0630000000001
"GO:0004518",0.828671,0.122329,27.6750000000002
"GO:0004518",0.996501,0.151126,29.9479999999994
"GO:0004518",0.663488,0.336109,26.607
"GO:0004518",0.661581,0.016028,25.2860000000001
"GO:0004518",0.7204055,0.0862951,271.638
"GO:0004519",0.999364,0.306853,25.576
"GO:0004519",0.498411,0.001251,24.0330000000004
"GO:0004519",0.745073,0.024694,29.0720000000001
"GO:0004519",0.748094,0.251867,27.2030000000004
"GO:0004519",0.498729,0.001254,29.3019999999997
"GO:0004519",0.749364,0.502146,26.1489999999994
"GO:0004519",0.497459,0.001241,25.8280000000004
"GO:0004519",0.997298,0.212759,27.0720000000001
"GO:0004519",0.748411,0.251926,29.8149999999996
"GO:0004519",0.49587,0.001229,28.2830000000004
"GO:0004519",0.6978073,0.155522,272.406
"GO:0004520",0.999365,0.306853,29.5330000000004
"GO:0004520",0.999047,0.225347,24.6599999999999
"GO:0004520",0.997776,0.116881,30.8490000000002
"GO:0004520",0.498729,0.000627,26.9610000000002
"GO:0004520",0.498412,0.000625,29.6719999999996
"GO:0004520",0.497141,0.00062,28.0300000000007
"GO:0004520",0.498094,0.000624,29.103000000001
"GO:0004520",0.999682,0.5,30.2309999999998
"GO:0004520",0.998094,0.129713,26.4770000000008
"GO:0004520",0.499048,0.001255,28.771999999999
"GO:0004520",0.7485388,0.1282545,284.366
"GO:0004521",0.5,0.000635,29.0889999999999
"GO:0004521",0.498412,0.000625,28.0280000000002
"GO:0004521",0.5,0.000635,29.2999999999993
"GO:0004521",0.5,0.000635,27.1880000000001
"GO:0004521",0.999683,0.5,26.9809999999998
"GO:0004521",0.497776,0.000622,26.6840000000011
"GO:0004521",0.499365,0.00063,28.7379999999994
"GO:0004521",1,1,27.5649999999987
"GO:0004521",0.5,0.000635,29.1100000000006
"GO:0004521",0.5,0,28.0609999999997
"GO:0004521",0.5995236,0.1504417,280.837
"GO:0004536",0.999046,0.225347,30.4430000000011
"GO:0004536",0.499682,0.000632,30.9430000000011
"GO:0004536",0.497459,0.000621,27.9639999999999
"GO:0004536",0.748094,0.096493,27.1929999999993
"GO:0004536",0.496823,0.000618,24.5419999999995
"GO:0004536",0.498094,0.000624,25.6450000000004
"GO:0004536",0.997935,0.218358,23.134
"GO:0004536",0.496188,0.000616,24.1499999999996
"GO:0004536",0.998412,0.153426,23.655999999999
"GO:0004536",0.497141,0.001238,24.9120000000003
"GO:0004536",0.6728874,0.0697973,262.654
"GO:0004540",0.499682,0.000633,24.6229999999996
"GO:0004540",0.499365,0.00063,28.6110000000008
"GO:0004540",0.749365,0.252216,25.4629999999997
"GO:0004540",0.498094,0.000624,23.0169999999998
"GO:0004540",0.498412,0.00125,26.7429999999986
"GO:0004540",0.498093,0.000624,25.9320000000007
"GO:0004540",0.499365,0.00063,24.3450000000012
"GO:0004540",0.499047,0.001256,25.1220000000012
"GO:0004540",0.499047,0.000629,27.4380000000001
"GO:0004540",0.749682,0.502308,24.9509999999991
"GO:0004540",0.5490152,0.07608,256.335999999999
"GO:0004553",0.497775,0.000623,25.7860000000001
"GO:0004553",0.498729,0.000627,25.1010000000006
"GO:0004553",0.999682,0.5,26.4740000000002
"GO:0004553",0.497459,0.001241,27.3689999999988
"GO:0004553",0.498412,0.000625,26.7630000000008
"GO:0004553",0.497459,0.000621,24.8950000000004
"GO:0004553",0.498729,0.001253,26.4390000000003
"GO:0004553",0.498412,0.000625,25.148000000001
"GO:0004553",0.997459,0.107426,29.5930000000008
"GO:0004553",0.749047,0.252087,26.6639999999989
"GO:0004553",0.6233163,0.0865128,264.305
"GO:0004672",0.827115,0.343728,25.152
"GO:0004672",0.85154,0.168779,27.116
"GO:0004672",0.71014,0.151011,24.0910000000003
"GO:0004672",0.77274,0.19235,25.8509999999987
"GO:0004672",0.925793,0.644546,25.6640000000007
"GO:0004672",0.85113,0.273682,26.7090000000007
"GO:0004672",0.63744,0.134735,25.6549999999988
"GO:0004672",0.701348,0.102065,25.0939999999991
"GO:0004672",0.916272,0.233928,26.3009999999995
"GO:0004672",0.778066,0.134851,23.6149999999998
"GO:0004672",0.7971584,0.2379675,255.32
"GO:0004674",0.746419,0.098658,25.402
"GO:0004674",0.872374,0.623772,26.5690000000013
"GO:0004674",0.745703,0.186122,27.2800000000007
"GO:0004674",0.869669,0.43266,29.3049999999985
"GO:0004674",0.792043,0.161385,25.8909999999996
"GO:0004674",0.745863,0.13729,25.8130000000001
"GO:0004674",0.745703,0.401838,25.2750000000015
"GO:0004674",0.745067,0.087242,26.8400000000001
"GO:0004674",0.745226,0.069491,26.146999999999
"GO:0004674",0.692616,0.258112,24.0740000000005
"GO:0004674",0.7700683,0.245657,262.694
"GO:0004721",0.498094,0.000624,30.0410000000011
"GO:0004721",0.499682,0.000632,30.005000000001
"GO:0004721",0.499047,0.000629,28.6810000000005
"GO:0004721",0.499682,0.000632,27.4239999999991
"GO:0004721",0.499047,0.000629,29.6689999999999
"GO:0004721",0.499047,0.000629,27.3649999999998
"GO:0004721",0.498412,0.000625,25.9249999999993
"GO:0004721",0.498729,0.000627,27.4000000000015
"GO:0004721",0.499682,0.000632,25.9180000000015
"GO:0004721",0.498413,0.001249,28.7610000000004
"GO:0004721",0.4989835,0.0006908,281.265000000001
"GO:0004842",0.998411,0.153426,32.0760000000009
"GO:0004842",0.74698,0.055581,28.780999999999
"GO:0004842",0.74857,0.501926,27.1999999999989
"GO:0004842",0.7473,0.50174,23.3089999999993
"GO:0004842",0.747139,0.07032,26.4220000000005
"GO:0004842",0.497457,0.001242,24.6929999999993
"GO:0004842",0.74587,0.07839,24.0999999999985
"GO:0004842",0.498411,0.001251,26.0069999999996
"GO:0004842",0.748252,0.251896,30.2759999999998
"GO:0004842",0.497141,0.001238,24.2349999999988
"GO:0004842",0.6975531,0.161701,267.172999999999
"GO:0004857",0.497457,0.000621,26.7530000000006
"GO:0004857",0.496506,0.000617,28.0560000000005
"GO:0004857",0.498412,0.000625,27.0740000000005
"GO:0004857",0.496823,0.001236,26.0860000000011
"GO:0004857",0.999682,0.5,24.362000000001
"GO:0004857",0.498094,0.000624,29.6349999999984
"GO:0004857",0.499682,0.001264,25.9860000000008
"GO:0004857",0.498094,0.000624,29.3860000000004
"GO:0004857",0.498094,0.000624,25.3329999999987
"GO:0004857",0.497776,0.001244,24.3420000000006
"GO:0004857",0.548062,0.0507479,267.094000000001
"GO:0004871",0.741656,0.065171,24.9989999999998
"GO:0004871",0.849085,0.381729,26.759
"GO:0004871",0.743038,0.456398,27.6049999999996
"GO:0004871",0.705545,0.08705,24.5020000000004
"GO:0004871",0.772011,0.045116,24.5789999999997
"GO:0004871",0.906516,0.101729,25.3639999999996
"GO:0004871",0.851771,0.32817,24.5409999999993
"GO:0004871",0.740965,0.227863,24.8009999999995
"GO:0004871",0.780297,0.38901,28.7170000000006
"GO:0004871",0.778931,0.358114,23.2090000000007
"GO:0004871",0.7869815,0.244035,255.153
"GO:0004872",0.744745,0.277352,25.9040000000005
"GO:0004872",0.694395,0.057936,28.5609999999997
"GO:0004872",0.89758,0.802009,30.6790000000001
"GO:0004872",0.696626,0.323406,26.5820000000003
"GO:0004872",0.792229,0.297032,29.5969999999998
"GO:0004872",0.894204,0.153484,28.003999999999
"GO:0004872",0.689497,0.080156,23.9259999999995
"GO:0004872",0.792102,0.061316,27.2889999999989
"GO:0004872",0.796688,0.296314,25.4429999999993
"GO:0004872",0.896754,0.618677,27.3970000000008
"GO:0004872",0.789482,0.2967682,273.454
"GO:0004888",0.662423,0.104967,23.8380000000016
"GO:0004888",0.868241,0.400534,25.768
"GO:0004888",0.871579,0.384793,26.2219999999998
"GO:0004888",0.82623,0.054101,26.6059999999998
"GO:0004888",0.999284,0.859293,25.3959999999988
"GO:0004888",0.743957,0.05028,26.7950000000001
"GO:0004888",0.823785,0.036164,30.9270000000015
"GO:0004888",0.621978,0.087018,25.6200000000008
"GO:0004888",0.873488,0.680337,24.7779999999984
"GO:0004888",0.619831,0.080135,26.018
"GO:0004888",0.7910796,0.2737622,262.044
"GO:0004930",0.748728,0.155466,23.8690000000006
"GO:0004930",0.74857,0.501926,25.8320000000003
"GO:0004930",0.74698,0.046122,28.2639999999992
"GO:0004930",0.999576,0.854794,27.235999999999
"GO:0004930",0.748729,0.501959,29.3639999999996
"GO:0004930",0.74857,0.155423,26.2950000000001
"GO:0004930",0.999788,0.904106,26.1330000000016
"GO:0004930",0.748411,0.155385,24.6660000000011
"GO:0004930",0.747775,0.501798,26.6380000000008
"GO:0004930",0.997669,0.50765,26.3370000000014
"GO:0004930",0.8234796,0.4284629,264.715
"GO:0005096",0.498729,0.000627,27.3209999999999
"GO:0005096",0.497141,0.001238,25.2170000000006
"GO:0005096",0.497459,0.000621,26.3199999999997
"GO:0005096",0.749205,0.502088,29.5410000000011
"GO:0005096",1,1,29.235999999999
"GO:0005096",0.496823,0.001236,26.2070000000003
"GO:0005096",0.499046,0.000629,26.2880000000005
"GO:0005096",0.748729,0.501958,23.375
"GO:0005096",0.497141,0.00062,24.4600000000009
"GO:0005096",0.749206,0.502087,23.9159999999993
"GO:0005096",0.6233479,0.2511104,261.951999999999
"GO:0005102",0.884959,0.086783,28.7980000000007
"GO:0005102",0.823355,0.091034,26.3160000000007
"GO:0005102",0.565116,0.006461,28.7989999999991
"GO:0005102",0.786815,0.045259,25.366
"GO:0005102",0.566656,0.006847,33.7069999999985
"GO:0005102",0.480573,0.003442,27.9750000000004
"GO:0005102",0.989739,0.300424,24.2279999999992
"GO:0005102",0.658015,0.054099,25.8349999999991
"GO:0005102",0.734013,0.039418,26.3130000000001
"GO:0005102",0.566507,0.05529,28
"GO:0005102",0.7055748,0.0689057,275.427
"GO:0005198",0.494593,0.001221,26.4710000000014
"GO:0005198",0.498093,0.00187,23.7600000000002
"GO:0005198",0.748093,0.066895,26.1990000000005
"GO:0005198",0.499046,0.001886,23.7530000000006
"GO:0005198",0.996027,0.12711,22.485999999999
"GO:0005198",0.49555,0.001839,25.8310000000001
"GO:0005198",0.497137,0.00124,25.509
"GO:0005198",0.497775,0.001866,26.4040000000005
"GO:0005198",0.497775,0.001245,24.857
"GO:0005198",0.498093,0.00187,26.6540000000005
"GO:0005198",0.5722182,0.0207042,251.99
"GO:0005215",0.737372,0.308736,26.6610000000001
"GO:0005215",0.795832,0.117797,29.482
"GO:0005215",0.753052,0.289099,26.1040000000012
"GO:0005215",0.66779,0.189029,27.518
"GO:0005215",0.85329,0.380558,22.5529999999999
"GO:0005215",0.612823,0.06955,26.2350000000006
"GO:0005215",0.66718,0.136305,24.7790000000005
"GO:0005215",0.713177,0.259284,29.4429999999993
"GO:0005215",0.756132,0.091408,29.6530000000002
"GO:0005215",0.754778,0.18523,25.8230000000003
"GO:0005215",0.7311426,0.2026996,268.34
"GO:0005216",0.869586,0.32934,23.9760000000006
"GO:0005216",0.693635,0.184331,25.973
"GO:0005216",0.745939,0.29985,30.1499999999996
"GO:0005216",0.692362,0.150227,28.7330000000002
"GO:0005216",0.896244,0.361122,30.0200000000004
"GO:0005216",0.743312,0.502924,30.5619999999999
"GO:0005216",0.787206,0.093303,25.5519999999997
"GO:0005216",0.743392,0.272892,25.969000000001
"GO:0005216",0.790898,0.09001,26.9560000000001
"GO:0005216",0.795926,0.494112,24.7120000000014
"GO:0005216",0.77585,0.2778111,272.689
"GO:0005230",1,1,27.3400000000001
"GO:0005230",0.996027,0.553236,27.4210000000003
"GO:0005230",0.999841,0.887327,29.1119999999992
"GO:0005230",0.999364,0.450694,32.6710000000003
"GO:0005230",0.998412,0.614444,29.3159999999989
"GO:0005230",0.996186,0.075096,28.8299999999999
"GO:0005230",0.498411,0.001251,29.4369999999999
"GO:0005230",0.999365,0.712318,28.1310000000012
"GO:0005230",0.496186,0.001232,25.9459999999999
"GO:0005230",0.748571,0.155422,27.1440000000002
"GO:0005230",0.8732363,0.445102,285.415999999999
"GO:0005231",0.999364,0.306853,31.6239999999998
"GO:0005231",1,1,33.8179999999993
"GO:0005231",0.999365,0.306853,27.777
"GO:0005231",0.497776,0.001244,24.5779999999995
"GO:0005231",0.999365,0.306853,25.3259999999991
"GO:0005231",0.997459,0.107426,23.6839999999993
"GO:0005231",0.749365,0.502144,25.7089999999989
"GO:0005231",0.995553,0.06528,26.5210000000006
"GO:0005231",1,1,28.4310000000005
"GO:0005231",0.749524,0.502216,23.8999999999996
"GO:0005231",0.8987771,0.4098869,271.439
"GO:0005244",0.499682,0.000632,23.3379999999997
"GO:0005244",1,1,28.5670000000009
"GO:0005244",1,1,24.6239999999998
"GO:0005244",0.499365,0.00063,23.5340000000015
"GO:0005244",0.499365,0.00126,24.0850000000009
"GO:0005244",0.497776,0.000622,26.4310000000005
"GO:0005244",1,1,28.3059999999987
"GO:0005244",1,1,24.2749999999996
"GO:0005244",0.499047,0.000629,29.7049999999999
"GO:0005244",0.9973,0.172884,24.2639999999992
"GO:0005244",0.7492535,0.4176657,257.203
"GO:0005261",0.665394,0.105485,23.3950000000004
"GO:0005261",0.999576,0.854794,27.6739999999991
"GO:0005261",0.664758,0.105309,25.9679999999989
"GO:0005261",0.496819,0.002472,27.5619999999999
"GO:0005261",0.494275,0.001827,27.6039999999994
"GO:0005261",0.661684,0.077736,25.3209999999999
"GO:0005261",0.621024,0.03047,27.5509999999995
"GO:0005261",0.66497,0.336359,24.2199999999993
"GO:0005261",0.998516,0.357133,27.6859999999997
"GO:0005261",0.999523,0.836919,28.0709999999999
"GO:0005261",0.7266539,0.2708504,265.147999999999
"GO:0005267",0.999047,0.225347,30.0789999999997
"GO:0005267",0.998729,0.18907,29.8050000000003
"GO:0005267",0.499047,0.000629,25.9110000000001
"GO:0005267",1,1,27.473
"GO:0005267",0.5,0.000635,23.848
"GO:0005267",0.499365,0.00063,34.4290000000001
"GO:0005267",0.999365,0.306853,27.6689999999999
"GO:0005267",1,1,27.1599999999999
"GO:0005267",1,1,28.8030000000017
"GO:0005267",0.5,0,25.875
"GO:0005267",0.7995553,0.3723164,281.154
"GO:0005326",0.499047,0.000629,27.2939999999999
"GO:0005326",0.499365,0.00063,25.0779999999995
"GO:0005326",0.499365,0.00063,25.9529999999995
"GO:0005326",0.499047,0.000629,25.0519999999997
"GO:0005326",0.499365,0.00063,24.4100000000017
"GO:0005326",0.498729,0.000627,34.0240000000013
"GO:0005326",0.499047,0.000629,29.4279999999999
"GO:0005326",0.498094,0.000624,29.0590000000011
"GO:0005326",0.499047,0.000629,27.8629999999994
"GO:0005326",0.5,0,23.5429999999997
"GO:0005326",0.4991106,0.0005657,271.824000000001
"GO:0005488",0.788623,0.324268,26.9520000000011
"GO:0005488",0.786596,0.295861,26.8959999999988
"GO:0005488",0.781008,0.275617,29.6530000000002
"GO:0005488",0.769879,0.293841,27.5839999999989
"GO:0005488",0.76832,0.278232,30.7309999999998
"GO:0005488",0.810159,0.317302,27.2659999999996
"GO:0005488",0.771927,0.269216,32.2899999999991
"GO:0005488",0.77174,0.253898,26.1749999999993
"GO:0005488",0.801304,0.345451,30.125
"GO:0005488",0.746522,0.231474,27.3900000000012
"GO:0005488",0.7796078,0.288516,285.178
"GO:0005515",0.790291,0.233126,27.4820000000018
"GO:0005515",0.768409,0.23509,25.6280000000006
"GO:0005515",0.745372,0.242814,27.5579999999991
"GO:0005515",0.774051,0.21111,29.1239999999998
"GO:0005515",0.783712,0.300617,26.905999999999
"GO:0005515",0.781023,0.236862,24.4969999999994
"GO:0005515",0.774089,0.256721,22.8209999999999
"GO:0005515",0.778873,0.264858,27.8370000000014
"GO:0005515",0.774434,0.267297,34.1840000000011
"GO:0005515",0.778919,0.274892,28.9850000000006
"GO:0005515",0.7749173,0.2523387,275.094999999999
"GO:0005516",0.996821,0.0823,28.7210000000014
"GO:0005516",0.498411,0.001251,26.4989999999998
"GO:0005516",0.499682,0.001265,28.0930000000008
"GO:0005516",0.498412,0.00125,26.1910000000007
"GO:0005516",0.499682,0.001265,27.3529999999992
"GO:0005516",0.5,0.00127,26.4269999999997
"GO:0005516",0.497459,0.001241,26.9300000000003
"GO:0005516",0.496186,0.001232,31.4339999999993
"GO:0005516",0.499046,0.001257,25.2070000000003
"GO:0005516",0.498412,0.00125,26.9099999999999
"GO:0005516",0.5484111,0.0093581,273.835000000001
"GO:0005543",0.496503,0.001234,28.1970000000001
"GO:0005543",0.747775,0.049355,27.384
"GO:0005543",0.748411,0.251926,28.2209999999995
"GO:0005543",0.749046,0.502039,28.4989999999998
"GO:0005543",0.748887,0.252039,26.9600000000009
"GO:0005543",0.748887,0.501996,25.1029999999992
"GO:0005543",0.496821,0.001237,27.3329999999987
"GO:0005543",0.746503,0.046645,26.7990000000009
"GO:0005543",0.496821,0.001237,28.0590000000011
"GO:0005543",0.663914,0.336165,29.9459999999999
"GO:0005543",0.6643568,0.1943873,276.575000000001
"GO:0008013",0.498094,0.000624,27.6770000000015
"GO:0008013",0.5,0.000635,29.4700000000012
"GO:0008013",0.5,0.000635,29.9490000000005
"GO:0008013",1,1,26.8239999999987
"GO:0008013",0.5,0.000635,27.0529999999999
"GO:0008013",0.5,0.000635,26.5010000000002
"GO:0008013",0.5,0.000635,31.9050000000007
"GO:0008013",0.5,0.000635,30.1819999999989
"GO:0008013",0.5,0.000635,23.9580000000005
"GO:0008013",0.5,0,22.9750000000004
"GO:0008013",0.5498094,0.1005069,276.573
"GO:0008017",0.498412,0.000625,25.9099999999999
"GO:0008017",0.497776,0.000622,24.6329999999998
"GO:0008017",0.498729,0.000627,26.6800000000003
"GO:0008017",0.499365,0.00063,32.6009999999987
"GO:0008017",0.498729,0.000627,26.7170000000006
"GO:0008017",0.498729,0.000627,25.8260000000009
"GO:0008017",0.497459,0.000621,23.5970000000016
"GO:0008017",1,1,23.5280000000002
"GO:0008017",0.499047,0.000629,25.2619999999988
"GO:0008017",0.499048,0.001255,25.848
"GO:0008017",0.5487294,0.1006263,260.695
"GO:0008022",0.498412,0.000625,26.1409999999996
"GO:0008022",0.499047,0.000629,29.1870000000017
"GO:0008022",0.499047,0.000629,27.4889999999978
"GO:0008022",0.499047,0.000629,23.1970000000001
"GO:0008022",0.499047,0.001256,26.5200000000004
"GO:0008022",0.5,0.000635,26.7249999999985
"GO:0008022",0.498729,0.000627,26.2279999999992
"GO:0008022",0.498412,0.000625,27.7020000000011
"GO:0008022",0.499047,0.000629,27.6259999999966
"GO:0008022",0.499365,0.00126,24.4330000000009
"GO:0008022",0.4990153,0.0007544,265.383000000002
"GO:0008047",0.748728,0.50196,23.6029999999992
"GO:0008047",0.49555,0.001227,23.8229999999967
"GO:0008047",0.663276,0.336083,24.5210000000006
"GO:0008047",0.494596,0.00122,28.1510000000017
"GO:0008047",0.664124,0.065961,25.023000000001
"GO:0008047",0.744593,0.023919,22.4890000000014
"GO:0008047",0.498093,0.001248,27.9900000000016
"GO:0008047",0.496186,0.001846,26.2089999999989
"GO:0008047",0.495232,0.001225,27.4099999999999
"GO:0008047",0.661581,0.335917,24.8950000000004
"GO:0008047",0.5961959,0.1270606,254.186999999998
"GO:0008092",0.613694,0.009239,26.2959999999985
"GO:0008092",0.495544,0.002454,27.6389999999992
"GO:0008092",0.7426,0.096714,27.1460000000006
"GO:0008092",0.596945,0.204421,23.4969999999994
"GO:0008092",0.738542,0.032168,25.8299999999981
"GO:0008092",0.737588,0.264319,30.9629999999997
"GO:0008092",0.488224,0.002956,24.7710000000006
"GO:0008092",0.623329,0.253926,25.7029999999977
"GO:0008092",0.872454,0.429989,24.5800000000017
"GO:0008092",0.694335,0.221444,25.4779999999992
"GO:0008092",0.6603255,0.151763,261.991000000002
"GO:0008134",0.57095,0.010104,33.8080000000009
"GO:0008134",0.562566,0.005748,29.898000000001
"GO:0008134",0.647387,0.011951,30.2210000000014
"GO:0008134",0.701493,0.068711,27.1800000000003
"GO:0008134",0.807946,0.031591,32.5270000000019
"GO:0008134",0.74198,0.406894,29.1419999999998
"GO:0008134",0.694073,0.020713,28.4300000000003
"GO:0008134",0.569312,0.010902,31.1779999999999
"GO:0008134",0.575738,0.01309,26.3199999999997
"GO:0008134",0.701766,0.167104,32.1660000000011
"GO:0008134",0.6573211,0.0746808,300.988999999998
"GO:0008144",1,1,34.8780000000006
"GO:0008144",0.498412,0.000625,28.143
"GO:0008144",0.748729,0.501958,29.5969999999979
"GO:0008144",0.998412,0.153426,32.0339999999997
"GO:0008144",0.998412,0.614623,29.3009999999995
"GO:0008144",0.497775,0.000623,29.2089999999989
"GO:0008144",0.498094,0.000624,29.9310000000005
"GO:0008144",0.499365,0.00126,29.0519999999997
"GO:0008144",0.499047,0.000629,29.6659999999974
"GO:0008144",0.747776,0.049354,28.1939999999995
"GO:0008144",0.6986022,0.2323122,300.077000000001
"GO:0008168",0.497775,0.000623,29.5489999999991
"GO:0008168",0.497459,0.001241,25.3349999999991
"GO:0008168",0.498094,0.000624,26.5859999999993
"GO:0008168",0.745868,0.030764,30.4140000000007
"GO:0008168",0.496823,0.000618,25.5200000000004
"GO:0008168",0.497776,0.001244,25.6750000000029
"GO:0008168",0.497775,0.000623,24.9050000000025
"GO:0008168",0.745712,0.028751,23.5550000000003
"GO:0008168",0.498094,0.000624,27.3919999999998
"GO:0008168",0.746347,0.037977,27.3970000000008
"GO:0008168",0.5721723,0.0103089,266.398999999998
"GO:0008194",0.496821,0.000619,28.4500000000007
"GO:0008194",0.748729,0.501958,23.8919999999998
"GO:0008194",0.998729,0.179301,27.1039999999994
"GO:0008194",0.748094,0.096493,27.3509999999987
"GO:0008194",0.7473,0.11447,27.4229999999989
"GO:0008194",0.993643,0.046898,25.398000000001
"GO:0008194",0.998729,0.398634,26.5799999999981
"GO:0008194",0.999682,0.5,33.2049999999981
"GO:0008194",0.498412,0.00125,24.9459999999999
"GO:0008194",0.497776,0.001244,26.8270000000011
"GO:0008194",0.7727915,0.1840867,271.257000000001
"GO:0008227",1,1,23.9170000000013
"GO:0008227",0.498094,0.000624,25.3019999999997
"GO:0008227",0.498729,0.000627,25.2560000000012
"GO:0008227",0.499047,0.000629,24.6810000000005
"GO:0008227",1,1,24.3529999999992
"GO:0008227",1,1,30.5749999999971
"GO:0008227",0.499047,0.000629,33.3950000000004
"GO:0008227",0.998729,0.18907,29.2769999999982
"GO:0008227",0.499682,0.000632,28.4160000000011
"GO:0008227",0.5,0,25.405999999999
"GO:0008227",0.6993328,0.3192211,270.654999999999
"GO:0008233",0.489186,0.001782,30.6929999999993
"GO:0008233",0.664228,0.054122,32.6979999999967
"GO:0008233",0.494275,0.001827,24.0950000000012
"GO:0008233",0.660729,0.036679,29.025999999998
"GO:0008233",0.663592,0.034451,29.349000000002
"GO:0008233",0.663592,0.02945,26.8769999999968
"GO:0008233",0.662426,0.03856,27.4760000000024
"GO:0008233",0.663274,0.336085,26.1060000000034
"GO:0008233",0.662214,0.021011,23.4259999999995
"GO:0008233",0.873331,0.592441,29.497000000003
"GO:0008233",0.6496847,0.1146408,279.329000000002
"GO:0008234",0.497776,0.000622,28.7909999999974
"GO:0008234",0.999682,0.5,25.4550000000017
"GO:0008234",0.497776,0.000622,27.6539999999986
"GO:0008234",1,1,26.9909999999982
"GO:0008234",0.999683,0.5,24.9380000000019
"GO:0008234",0.499047,0.000629,25.6380000000026
"GO:0008234",0.498412,0.000625,23.7959999999985
"GO:0008234",0.497459,0.000621,28.737000000001
"GO:0008234",1,1,26.375
"GO:0008234",0.5,0,22.9940000000024
"GO:0008234",0.6989835,0.3003119,261.460999999999
"GO:0008237",0.999682,0.5,28.5030000000006
"GO:0008237",0.998412,0.153426,26.0919999999969
"GO:0008237",0.496823,0.000618,28.0460000000021
"GO:0008237",0.997141,0.094535,28.7419999999984
"GO:0008237",0.498412,0.00125,27.280999999999
"GO:0008237",0.499682,0.000632,30.2229999999981
"GO:0008237",0.498412,0.000625,26.6330000000016
"GO:0008237",0.499365,0.00063,28.0269999999982
"GO:0008237",0.998729,0.18907,29.8600000000006
"GO:0008237",0.748729,0.078929,25.5409999999974
"GO:0008237",0.7235387,0.1019715,279.044000000002
"GO:0008289",0.829941,0.401428,27.5740000000005
"GO:0008289",0.493957,0.001824,29.1650000000009
"GO:0008289",0.830577,0.176252,27.0709999999999
"GO:0008289",0.662002,0.335954,25.8209999999999
"GO:0008289",0.619195,0.031568,27.7280000000028
"GO:0008289",0.660517,0.019415,29.4699999999975
"GO:0008289",0.490458,0.001792,26.4910000000018
"GO:0008289",0.828668,0.099789,24.5400000000009
"GO:0008289",0.661684,0.022818,27.107
"GO:0008289",0.619434,0.017929,30.762999999999
"GO:0008289",0.6696433,0.1108769,275.806
"GO:0008324",0.596176,0.204313,25.3770000000004
"GO:0008324",0.740499,0.045986,26.518
"GO:0008324",0.596306,0.071013,23.4650000000001
"GO:0008324",0.910134,0.43842,28.0499999999993
"GO:0008324",0.596688,0.204384,29.3410000000003
"GO:0008324",0.743153,0.373954,24.8320000000022
"GO:0008324",0.893627,0.206131,31.7229999999981
"GO:0008324",0.659501,0.097735,26.0380000000005
"GO:0008324",0.693057,0.106008,28.3119999999981
"GO:0008324",0.746178,0.245556,23.4449999999997
"GO:0008324",0.7175319,0.19935,267.175000000003
"GO:0008381",0.99809,0.738909,28.0360000000001
"GO:0008381",0.828032,0.096196,34.4010000000017
"GO:0008381",0.744513,0.112338,24.4979999999996
"GO:0008381",0.830047,0.175131,27.2640000000029
"GO:0008381",0.871899,0.365085,28.6190000000024
"GO:0008381",0.829408,0.387723,25.0479999999989
"GO:0008381",0.831425,0.477045,25.8760000000002
"GO:0008381",0.998807,0.67382,25.0610000000015
"GO:0008381",0.826018,0.130327,27.4779999999992
"GO:0008381",0.745706,0.069493,27.375
"GO:0008381",0.8503945,0.3226067,273.752999999997
"GO:0008509",0.497139,0.001239,30.3539999999994
"GO:0008509",0.498093,0.001248,22.7479999999996
"GO:0008509",1,1,25.2880000000005
"GO:0008509",0.496186,0.001232,25.7419999999984
"GO:0008509",0.830261,0.39398,24.4739999999983
"GO:0008509",0.748093,0.501843,26.7829999999994
"GO:0008509",0.497457,0.001242,24.4419999999991
"GO:0008509",0.498411,0.001251,28.482
"GO:0008509",0.497139,0.001239,26.476999999999
"GO:0008509",0.498093,0.00187,25.2360000000008
"GO:0008509",0.6060872,0.1905144,260.164000000001
"GO:0008514",1,1,27.849000000002
"GO:0008514",1,1,27.2780000000021
"GO:0008514",0.749682,0.502308,23.1349999999984
"GO:0008514",0.5,0.000635,26.9160000000011
"GO:0008514",0.497459,0.001241,24.3240000000005
"GO:0008514",0.999364,0.333333,24.9190000000017
"GO:0008514",0.499047,0.000629,26.8960000000006
"GO:0008514",0.499682,0.001264,26.2609999999986
"GO:0008514",0.999682,0.5,30.1180000000022
"GO:0008514",0.748253,0.501867,27.395999999997
"GO:0008514",0.7493169,0.3841277,265.169000000002
"GO:0008757",0.497141,0.00062,30.3249999999971
"GO:0008757",0.496823,0.000618,30.5630000000019
"GO:0008757",0.498412,0.000625,28.2739999999976
"GO:0008757",0.498094,0.000624,27.5289999999986
"GO:0008757",0.499047,0.001256,24.6310000000012
"GO:0008757",0.499047,0.000629,26.3429999999971
"GO:0008757",0.497141,0.00062,27.5380000000005
"GO:0008757",0.994282,0.051755,25.7239999999983
"GO:0008757",0.498729,0.000627,23.7080000000024
"GO:0008757",0.746665,0.035116,26.6979999999967
"GO:0008757",0.5725381,0.009249,271.409
"GO:0015075",0.841736,0.290985,26.9259999999995
"GO:0015075",0.801372,0.151868,32.9639999999999
"GO:0015075",0.74306,0.25047,26.9729999999981
"GO:0015075",0.929369,0.495418,23.4609999999993
"GO:0015075",0.736439,0.099619,29.7360000000008
"GO:0015075",0.991784,0.438368,26.8019999999997
"GO:0015075",0.808115,0.607329,24.6569999999992
"GO:0015075",0.67358,0.026774,24.619999999999
"GO:0015075",0.743259,0.260455,24.4290000000001
"GO:0015075",0.676738,0.136044,24.2559999999976
"GO:0015075",0.7945452,0.275733,264.894
"GO:0015077",0.746186,0.501638,23.8790000000008
"GO:0015077",1,1,28.0240000000013
"GO:0015077",0.498411,0.001251,27.1889999999985
"GO:0015077",0.747616,0.155246,26.1980000000003
"GO:0015077",0.663806,0.03449,24.9559999999983
"GO:0015077",0.496503,0.001234,24.887999999999
"GO:0015077",0.496186,0.001232,30.3899999999994
"GO:0015077",0.747298,0.168444,23.0540000000001
"GO:0015077",0.748252,0.155352,31.0370000000003
"GO:0015077",0.831956,0.246234,27.9079999999994
"GO:0015077",0.6976214,0.2265121,267.609
"GO:0015079",0.499047,0.000629,27.8009999999995
"GO:0015079",0.999365,0.306853,29.1389999999992
"GO:0015079",0.498729,0.000627,31.9849999999969
"GO:0015079",1,1,26.1830000000009
"GO:0015079",0.75,0.502677,25.1709999999985
"GO:0015079",0.498729,0.000627,25.625
"GO:0015079",0.499047,0.000629,24.5639999999985
"GO:0015079",0.499365,0.00063,24.893
"GO:0015079",0.999682,0.5,28.5380000000005
"GO:0015079",0.998094,0.235357,23.5550000000003
"GO:0015079",0.7242058,0.2548029,267.547999999999
"GO:0015081",1,1,25.4010000000017
"GO:0015081",0.497141,0.00062,28.8280000000013
"GO:0015081",0.999365,0.306853,29.1239999999998
"GO:0015081",0.497459,0.000621,26.3149999999987
"GO:0015081",0.49873,0.000626,26.7309999999998
"GO:0015081",1,1,25.4019999999982
"GO:0015081",0.996823,0.084615,28.357
"GO:0015081",0.499365,0.00063,27.3230000000003
"GO:0015081",0.497776,0.000622,23.8679999999986
"GO:0015081",0.5,0,24.6699999999983
"GO:0015081",0.6986659,0.2394587,266.093000000001
"GO:0015085",0.498729,0.000627,27.4170000000013
"GO:0015085",0.999682,0.5,25.7169999999969
"GO:0015085",1,1,30.0310000000027
"GO:0015085",0.499047,0.000629,28.0480000000025
"GO:0015085",0.497141,0.00062,26.9429999999993
"GO:0015085",0.498729,0.000627,31.9120000000003
"GO:0015085",0.498412,0.000625,27.5880000000034
"GO:0015085",0.499365,0.00063,23.5879999999997
"GO:0015085",0.498729,0.000627,25.6790000000001
"GO:0015085",0.49873,0.001252,29.9650000000001
"GO:0015085",0.5988564,0.1505637,277.023999999998
"GO:0015238",1,1,25.724000000002
"GO:0015238",1,1,27.474000000002
"GO:0015238",0.499047,0.000629,23.7729999999974
"GO:0015238",0.749682,0.502308,26.3840000000018
"GO:0015238",0.499047,0.000629,27.3689999999988
"GO:0015238",0.498412,0.000625,26.8940000000002
"GO:0015238",0.499365,0.00126,23.6999999999971
"GO:0015238",0.499047,0.000629,27.3280000000013
"GO:0015238",1,1,26.8410000000003
"GO:0015238",0.749365,0.168975,27.155999999999
"GO:0015238",0.6993965,0.3675055,262.719000000001
"GO:0015267",0.693117,0.270128,26.8479999999981
"GO:0015267",0.910399,0.238658,27.2000000000007
"GO:0015267",0.746072,0.430166,22.3729999999996
"GO:0015267",0.825154,0.203155,28.0489999999991
"GO:0015267",0.828928,0.456055,24.8019999999997
"GO:0015267",0.788846,0.4156,27.1959999999999
"GO:0015267",0.742617,0.292733,28.6129999999976
"GO:0015267",0.74586,0.316847,24.9400000000023
"GO:0015267",0.910346,0.224489,24.7039999999979
"GO:0015267",0.828875,0.197672,27.8460000000014
"GO:0015267",0.8020214,0.3045503,262.667000000001
"GO:0015276",0.747615,0.501779,27.3040000000001
"GO:0015276",0.747139,0.501724,26.8660000000018
"GO:0015276",0.99608,0.449955,25.3619999999974
"GO:0015276",0.496821,0.001237,28.9789999999994
"GO:0015276",0.996398,0.191535,27.3500000000022
"GO:0015276",0.744911,0.033236,28.3580000000002
"GO:0015276",0.494596,0.00122,26.6419999999998
"GO:0015276",0.99947,0.776122,28.6870000000017
"GO:0015276",0.745232,0.096148,24.5619999999981
"GO:0015276",0.999152,0.65945,23.7340000000004
"GO:0015276",0.7967414,0.3212406,267.954999999998
"GO:0015318",0.742294,0.130668,25.2700000000004
"GO:0015318",0.779565,0.419488,25.5349999999999
"GO:0015318",0.771775,0.07224,25.0619999999981
"GO:0015318",0.849586,0.283456,24.7010000000009
"GO:0015318",0.848715,0.162159,24.3759999999966
"GO:0015318",0.565734,0.010206,28.2250000000022
"GO:0015318",0.776974,0.262016,26.7919999999976
"GO:0015318",0.776057,0.210048,27.3509999999987
"GO:0015318",0.776194,0.266651,29.8330000000024
"GO:0015318",0.774697,0.403308,27.8480000000018
"GO:0015318",0.7661591,0.222024,265.103999999999
"GO:0015631",0.498412,0.000625,28.0010000000002
"GO:0015631",0.497776,0.000622,24.8689999999988
"GO:0015631",0.498729,0.000627,28.3300000000017
"GO:0015631",0.499365,0.00063,31.7909999999974
"GO:0015631",0.498729,0.000627,25.9170000000013
"GO:0015631",0.498729,0.000627,27.6219999999994
"GO:0015631",0.497459,0.000621,25.7359999999971
"GO:0015631",1,1,23.4969999999994
"GO:0015631",0.499047,0.000629,28.5560000000005
"GO:0015631",0.499048,0.001255,27.8230000000003
"GO:0015631",0.5487294,0.1006263,272.219000000001
"GO:0016209",1,1,33.1450000000004
"GO:0016209",0.999365,0.306853,31.8529999999992
"GO:0016209",0.499682,0.000632,28.3809999999976
"GO:0016209",0.499365,0.00063,30.3919999999998
"GO:0016209",0.999365,0.450694,27.9030000000021
"GO:0016209",0.998412,0.153426,26.3709999999992
"GO:0016209",0.999682,0.5,28.0779999999977
"GO:0016209",0.5,0.000635,28.1280000000006
"GO:0016209",0.497141,0.00062,22.8410000000003
"GO:0016209",1,1,24.9709999999977
"GO:0016209",0.7993012,0.341349,282.164000000001
"GO:0016247",0.493325,0.000606,30.7900000000009
"GO:0016247",0.49587,0.000615,29.9560000000019
"GO:0016247",0.744759,0.025268,26.2079999999987
"GO:0016247",0.49587,0.000615,24.4520000000011
"GO:0016247",0.748253,0.114631,25.1610000000001
"GO:0016247",0.999682,0.5,25.242000000002
"GO:0016247",0.49587,0.000615,29.9779999999992
"GO:0016247",0.749524,0.502216,25.0519999999997
"GO:0016247",0.496188,0.000616,27.5069999999978
"GO:0016247",0.496188,0.001231,26.6519999999982
"GO:0016247",0.6215529,0.1146413,271.088
"GO:0016301",0.847662,0.160812,27.1779999999999
"GO:0016301",0.735243,0.140623,29.137999999999
"GO:0016301",0.863433,0.205468,27.3909999999996
"GO:0016301",0.79843,0.090352,26.2740000000013
"GO:0016301",0.802569,0.295825,32.4220000000023
"GO:0016301",0.866903,0.291884,26.7279999999992
"GO:0016301",0.866071,0.33015,24.7330000000002
"GO:0016301",0.799537,0.164225,27.9000000000015
"GO:0016301",0.929483,0.375512,26.3070000000007
"GO:0016301",0.800741,0.092448,27.614999999998
"GO:0016301",0.8310072,0.2147299,275.793999999998
"GO:0016462",0.696431,0.258688,25.3080000000009
"GO:0016462",0.742887,0.073197,27.1409999999996
"GO:0016462",0.486297,0.002936,26.1790000000001
"GO:0016462",0.659448,0.204926,28.3239999999969
"GO:0016462",0.745807,0.280634,25.6260000000002
"GO:0016462",0.795475,0.4881,26
"GO:0016462",0.830573,0.609764,24.2989999999991
"GO:0016462",0.695284,0.150207,29.9500000000007
"GO:0016462",0.823726,0.248732,25.5619999999981
"GO:0016462",0.828503,0.36006,27.9249999999993
"GO:0016462",0.7304431,0.2677244,266.407999999999
"GO:0016491",0.863615,0.054624,27.6800000000003
"GO:0016491",0.796563,0.360439,25.6460000000006
"GO:0016491",0.74634,0.336634,27.7279999999992
"GO:0016491",0.889045,0.079016,29.0289999999986
"GO:0016491",0.618635,0.030216,26.3290000000015
"GO:0016491",0.695608,0.080191,26.8140000000021
"GO:0016491",0.746576,0.446993,26.2410000000018
"GO:0016491",0.694717,0.101058,24.5
"GO:0016491",0.618316,0.035749,25.8819999999978
"GO:0016491",0.795608,0.309279,26.8280000000013
"GO:0016491",0.7465023,0.1834199,266.812000000002
"GO:0016705",0.497139,0.00062,26.7610000000022
"GO:0016705",0.49587,0.000615,28.0370000000003
"GO:0016705",0.999682,0.666667,27.4320000000007
"GO:0016705",0.998729,0.18907,28.6829999999973
"GO:0016705",0.748888,0.155513,26.5540000000001
"GO:0016705",0.499046,0.000629,25.4079999999994
"GO:0016705",1,1,25.1130000000012
"GO:0016705",0.748253,0.168591,23.7559999999976
"GO:0016705",0.494917,0.000611,27.2819999999992
"GO:0016705",0.497776,0.001244,25.5879999999997
"GO:0016705",0.69803,0.218356,264.739999999998
"GO:0016740",0.777242,0.216084,25.8260000000009
"GO:0016740",0.820078,0.193826,27.9599999999991
"GO:0016740",0.834516,0.149001,24.8849999999984
"GO:0016740",0.743667,0.189078,27.4010000000017
"GO:0016740",0.652571,0.152219,27.0809999999983
"GO:0016740",0.774921,0.295605,23.2799999999988
"GO:0016740",0.686202,0.055036,26.2279999999992
"GO:0016740",0.80144,0.150455,24.0590000000011
"GO:0016740",0.832994,0.16738,26.1640000000007
"GO:0016740",0.761045,0.270245,26.6239999999998
"GO:0016740",0.7684676,0.1838929,259.586000000003
"GO:0016741",0.497775,0.000623,25.112000000001
"GO:0016741",0.497459,0.001241,26.268
"GO:0016741",0.498094,0.000624,24.6389999999992
"GO:0016741",0.745868,0.030764,30.7079999999987
"GO:0016741",0.496823,0.000618,30.4070000000029
"GO:0016741",0.497776,0.001244,25.3330000000024
"GO:0016741",0.497775,0.000623,29.1269999999968
"GO:0016741",0.745712,0.028751,26.9750000000022
"GO:0016741",0.498094,0.000624,24.4809999999998
"GO:0016741",0.746347,0.037977,29.4039999999986
"GO:0016741",0.5721723,0.0103089,272.542999999998
"GO:0016746",0.999682,0.5,31.5519999999997
"GO:0016746",0.499047,0.000629,27.0570000000007
"GO:0016746",0.499365,0.00063,29.2189999999973
"GO:0016746",0.498412,0.000625,27.6700000000019
"GO:0016746",0.999365,0.306853,29.099000000002
"GO:0016746",1,1,25.7999999999993
"GO:0016746",0.499682,0.000632,26.2369999999974
"GO:0016746",1,1,28.3820000000014
"GO:0016746",0.499365,0.00063,33.6319999999978
"GO:0016746",0.499683,0.001263,24.5960000000014
"GO:0016746",0.6994601,0.2811262,283.322
"GO:0016757",0.826968,0.055162,25.7210000000014
"GO:0016757",0.829835,0.160551,24.5779999999977
"GO:0016757",0.998489,0.711902,27.3359999999993
"GO:0016757",0.828138,0.367361,27.2950000000019
"GO:0016757",0.866094,0.300102,28.5720000000001
"GO:0016757",0.494271,0.001828,29.5360000000001
"GO:0016757",0.829623,0.66849,26.9170000000013
"GO:0016757",0.618798,0.027012,27.1679999999978
"GO:0016757",0.656383,0.010002,26.7020000000011
"GO:0016757",0.873887,0.627493,23.6609999999964
"GO:0016757",0.7822486,0.2929903,267.561000000002
"GO:0016758",0.997774,0.587759,27.7800000000025
"GO:0016758",0.831849,0.426026,30.762999999999
"GO:0016758",0.663382,0.086137,26.5829999999987
"GO:0016758",0.66179,0.065663,31.5489999999991
"GO:0016758",0.832168,0.533832,25.8300000000017
"GO:0016758",0.995865,0.551546,27.5930000000008
"GO:0016758",0.831319,0.459598,30.6870000000017
"GO:0016758",0.661581,0.030885,24.7780000000021
"GO:0016758",0.832273,0.549495,26.6699999999983
"GO:0016758",0.660839,0.034113,24.744999999999
"GO:0016758",0.796884,0.3325054,277.076999999997
"GO:0016772",0.821378,0.205176,28.4099999999999
"GO:0016772",0.710728,0.148201,29.2969999999987
"GO:0016772",0.880729,0.202856,30.9230000000025
"GO:0016772",0.874592,0.178452,28.4410000000025
"GO:0016772",0.766177,0.176735,26.5649999999987
"GO:0016772",0.819675,0.160895,25.5879999999997
"GO:0016772",0.819001,0.191897,22.375
"GO:0016772",0.820349,0.170025,27.380000000001
"GO:0016772",0.767454,0.119343,29.0349999999999
"GO:0016772",0.839247,0.219087,31.3600000000006
"GO:0016772",0.811933,0.1772667,279.452000000001
"GO:0016773",0.8483,0.15294,26.5469999999987
"GO:0016773",0.807677,0.203384,24.4860000000008
"GO:0016773",0.867103,0.44343,28.7999999999993
"GO:0016773",0.775328,0.152111,28.2099999999991
"GO:0016773",0.802569,0.159129,27.5750000000007
"GO:0016773",0.803811,0.291525,24.5910000000003
"GO:0016773",0.69979,0.038439,28.2040000000015
"GO:0016773",0.868583,0.390555,26.4400000000023
"GO:0016773",0.863034,0.138515,29.4359999999979
"GO:0016773",0.737484,0.192303,25.3760000000002
"GO:0016773",0.8073679,0.2162331,269.744999999999
"GO:0016779",0.5,0.000635,30.3889999999992
"GO:0016779",0.998094,0.136954,25.1039999999994
"GO:0016779",1,1,25.2810000000027
"GO:0016779",0.499047,0.000629,25.6870000000017
"GO:0016779",0.499365,0.00063,26.7779999999984
"GO:0016779",0.498412,0.000625,27.1239999999998
"GO:0016779",0.999365,0.306853,26.8889999999992
"GO:0016779",0.5,0.000635,32.2249999999985
"GO:0016779",1,1,29.3919999999998
"GO:0016779",0.49873,0.001252,28.6980000000003
"GO:0016779",0.6993013,0.2448213,277.661
"GO:0016787",0.759341,0.112761,26.9000000000015
"GO:0016787",0.777582,0.230936,27.3019999999997
"GO:0016787",0.731969,0.134247,29.9130000000005
"GO:0016787",0.700471,0.251908,26.2400000000016
"GO:0016787",0.584742,0.027031,25.2019999999975
"GO:0016787",0.745155,0.233426,33.5509999999995
"GO:0016787",0.805092,0.319798,23.8310000000019
"GO:0016787",0.639748,0.033363,30.255000000001
"GO:0016787",0.638211,0.073082,27.6959999999999
"GO:0016787",0.63379,0.059601,27.357
"GO:0016787",0.7016101,0.1476153,278.342000000001
"GO:0016788",0.56963,0.007185,30.5349999999999
"GO:0016788",0.66024,0.110112,29.1090000000004
"GO:0016788",0.490758,0.00359,32.1059999999998
"GO:0016788",0.657319,0.069869,25.8549999999996
"GO:0016788",0.489172,0.003562,27.0260000000017
"GO:0016788",0.743202,0.191123,28.8809999999976
"GO:0016788",0.65068,0.016089,28.137999999999
"GO:0016788",0.489802,0.003574,27.8889999999992
"GO:0016788",0.827172,0.314406,23.2010000000009
"GO:0016788",0.656635,0.028549,22.8839999999982
"GO:0016788",0.623461,0.0748059,275.716
"GO:0016791",0.496821,0.000619,28.4650000000001
"GO:0016791",0.748571,0.251958,24.6579999999994
"GO:0016791",0.747457,0.049264,27.5260000000017
"GO:0016791",0.996823,0.084615,24.9669999999969
"GO:0016791",0.498093,0.001248,29.8389999999999
"GO:0016791",0.498729,0.001253,27.2950000000019
"GO:0016791",0.496821,0.000619,25.7520000000004
"GO:0016791",0.496188,0.001231,27.1670000000013
"GO:0016791",0.748887,0.168754,25.8359999999993
"GO:0016791",0.497459,0.001241,26.982
"GO:0016791",0.6225849,0.0560802,268.620999999999
"GO:0016798",0.498729,0.000627,29.4449999999997
"GO:0016798",0.497776,0.001244,25.3990000000013
"GO:0016798",0.496506,0.000617,29.0589999999975
"GO:0016798",0.74698,0.055581,30.1550000000025
"GO:0016798",0.49587,0.000615,27.7720000000008
"GO:0016798",0.497459,0.001241,26.1810000000005
"GO:0016798",0.496186,0.000616,27.625
"GO:0016798",0.498729,0.001253,28.0110000000022
"GO:0016798",0.497459,0.000621,28.2439999999988
"GO:0016798",0.497141,0.001238,26.7530000000006
"GO:0016798",0.5222835,0.0063653,278.736000000001
"GO:0016810",0.497457,0.000621,31.275999999998
"GO:0016810",0.497776,0.000622,28.5210000000006
"GO:0016810",0.498094,0.000624,26.5969999999979
"GO:0016810",0.747618,0.091517,21.7639999999992
"GO:0016810",1,1,26.7669999999998
"GO:0016810",0.995553,0.063023,27.2770000000019
"GO:0016810",0.748571,0.251958,27.4250000000029
"GO:0016810",0.498412,0.000625,23.3090000000011
"GO:0016810",1,1,24.9409999999989
"GO:0016810",0.995235,0.201657,28.8430000000008
"GO:0016810",0.7478716,0.2610647,266.799999999999
"GO:0016817",0.696431,0.258688,27.0519999999997
"GO:0016817",0.742887,0.073197,24.8629999999976
"GO:0016817",0.486297,0.002936,26.6660000000011
"GO:0016817",0.659448,0.204926,25.1159999999982
"GO:0016817",0.745807,0.280634,27.3559999999998
"GO:0016817",0.795475,0.4881,27.6840000000011
"GO:0016817",0.830573,0.609764,25.1979999999967
"GO:0016817",0.695284,0.150207,30.898000000001
"GO:0016817",0.823726,0.248732,24.469000000001
"GO:0016817",0.828503,0.36006,27.0160000000033
"GO:0016817",0.7304431,0.2677244,266.401000000002
"GO:0016818",0.696431,0.258688,26.0410000000011
"GO:0016818",0.742887,0.073197,26.9089999999997
"GO:0016818",0.486297,0.002936,29.232
"GO:0016818",0.659448,0.204926,24.4150000000009
"GO:0016818",0.745807,0.280634,25.6699999999983
"GO:0016818",0.795475,0.4881,24.117000000002
"GO:0016818",0.830573,0.609764,24.3419999999969
"GO:0016818",0.695284,0.150207,27.8860000000022
"GO:0016818",0.823726,0.248732,27.143
"GO:0016818",0.828503,0.36006,26.4639999999999
"GO:0016818",0.7304431,0.2677244,262.306999999997
"GO:0016829",0.999364,0.306853,23.7230000000018
"GO:0016829",0.747775,0.155269,28.2989999999991
"GO:0016829",0.745232,0.045888,31.351999999999
"GO:0016829",0.747141,0.501723,28.4959999999992
"GO:0016829",0.745868,0.058044,26.4269999999997
"GO:0016829",0.747139,0.501724,25.9209999999985
"GO:0016829",0.746665,0.251691,27.5270000000019
"GO:0016829",0.494596,0.00122,29.502999999997
"GO:0016829",0.495232,0.001225,27.4650000000001
"GO:0016829",0.747459,0.251777,26.6620000000003
"GO:0016829",0.7216471,0.2075414,275.452000000001
"GO:0016835",0.997459,0.107426,28.476999999999
"GO:0016835",0.494917,0.000611,26.5220000000008
"GO:0016835",0.494917,0.000611,31.4749999999985
"GO:0016835",0.999682,0.5,30.3960000000006
"GO:0016835",0.748729,0.501958,27.0379999999968
"GO:0016835",0.497459,0.000621,26.9570000000022
"GO:0016835",0.497141,0.00062,28.1290000000008
"GO:0016835",0.496188,0.000616,24.0370000000003
"GO:0016835",0.999365,0.306853,26.8809999999976
"GO:0016835",0.999841,0.887327,26.9079999999994
"GO:0016835",0.7225698,0.2306643,276.900000000001
"GO:0016853",0.999682,0.5,26.4650000000001
"GO:0016853",0.494282,0.000609,26.3770000000004
"GO:0016853",0.499682,0.001264,23.4229999999989
"GO:0016853",0.499047,0.000629,23.5780000000013
"GO:0016853",0.749047,0.502038,23.2379999999976
"GO:0016853",0.499046,0.000629,21.1589999999997
"GO:0016853",0.498412,0.000625,22.7129999999997
"GO:0016853",0.747935,0.168534,24.1090000000004
"GO:0016853",0.997459,0.102284,23.9759999999987
"GO:0016853",0.499047,0.001256,22.8760000000002
"GO:0016853",0.6483639,0.1277868,237.994999999999
"GO:0016887",0.66391,0.037075,25.9729999999981
"GO:0016887",0.495865,0.001844,32.742000000002
"GO:0016887",0.664758,0.105309,31.6499999999978
"GO:0016887",0.664334,0.336235,29.1549999999988
"GO:0016887",0.830155,0.434404,27.3460000000014
"GO:0016887",0.661578,0.036755,26.5099999999984
"GO:0016887",0.999364,0.719639,24.2400000000016
"GO:0016887",0.992578,0.122725,23.7760000000017
"GO:0016887",0.661472,0.033037,23.0619999999981
"GO:0016887",0.664548,0.336271,23.8310000000019
"GO:0016887",0.7298562,0.2163294,268.380000000001
"GO:0017016",0.495229,0.001225,22.1319999999978
"GO:0017016",0.491094,0.001798,24.3889999999992
"GO:0017016",0.992472,0.137411,25.0659999999989
"GO:0017016",0.662217,0.11377,23.3379999999997
"GO:0017016",0.658185,0.011405,24.7309999999998
"GO:0017016",0.660517,0.016643,25.8460000000014
"GO:0017016",0.829201,0.09256,23.9730000000018
"GO:0017016",0.658397,0.011136,22.6739999999991
"GO:0017016",0.497137,0.001859,28.7429999999986
"GO:0017016",0.658932,0.014242,27.9300000000003
"GO:0017016",0.6603381,0.0402049,248.903999999999
"GO:0017048",0.498094,0.000624,25.3070000000007
"GO:0017048",0.498729,0.000627,24.1209999999992
"GO:0017048",0.498412,0.000625,24.4419999999991
"GO:0017048",0.498729,0.000627,27.0269999999982
"GO:0017048",0.498729,0.001253,27.1440000000002
"GO:0017048",0.498729,0.000627,23.8289999999979
"GO:0017048",0.497459,0.000621,28.0519999999997
"GO:0017048",0.499365,0.00063,24.6460000000006
"GO:0017048",0.498094,0.000624,22.7559999999976
"GO:0017048",0.495553,0.001226,22.2829999999994
"GO:0017048",0.4981893,0.0007484,249.686999999998
"GO:0017076",1,1,22.5570000000007
"GO:0017076",0.499682,0.000632,24.9219999999987
"GO:0017076",1,1,22.4570000000022
"GO:0017076",0.499365,0.00063,22.130000000001
"GO:0017076",0.499365,0.00063,27.1470000000008
"GO:0017076",0.499365,0.00063,22.7919999999976
"GO:0017076",0.498729,0.000627,25.2180000000008
"GO:0017076",1,1,23.3199999999997
"GO:0017076",0.999682,0.5,26.1939999999995
"GO:0017076",0.499683,0.001263,25.3329999999987
"GO:0017076",0.6995871,0.3504412,242.164000000001
"GO:0017111",0.745223,0.105561,26.0060000000012
"GO:0017111",0.69465,0.223085,24.6389999999992
"GO:0017111",0.794653,0.139598,25.3780000000006
"GO:0017111",0.896815,0.454246,22.1320000000014
"GO:0017111",0.594398,0.204109,22.8909999999996
"GO:0017111",0.745303,0.346257,23.5720000000001
"GO:0017111",0.79707,0.516596,23.8079999999973
"GO:0017111",0.595417,0.015891,23.7999999999993
"GO:0017111",0.796688,0.275535,22.5120000000024
"GO:0017111",0.696754,0.404499,25.0200000000004
"GO:0017111",0.7356971,0.2685377,239.870999999999
"GO:0017137",0.496823,0.000618,19.4390000000021
"GO:0017137",0.498729,0.000627,25.9379999999983
"GO:0017137",0.497776,0.000622,22.2949999999983
"GO:0017137",0.499047,0.000629,23.2060000000019
"GO:0017137",0.499047,0.000629,27.7860000000001
"GO:0017137",0.497776,0.000622,28.5299999999988
"GO:0017137",0.497459,0.000621,23.8819999999978
"GO:0017137",0.498729,0.000627,23.0380000000005
"GO:0017137",0.497776,0.000622,25.4409999999989
"GO:0017137",0.497778,0.001243,26.5380000000005
"GO:0017137",0.498094,0.000686,246.186000000002
"GO:0017151",0.496503,0.000617,32.382999999998
"GO:0017151",0.748729,0.155464,25.0590000000011
"GO:0017151",0.496186,0.001232,24.4209999999985
"GO:0017151",0.498412,0.000625,25.7819999999992
"GO:0017151",0.497457,0.001242,25.1890000000021
"GO:0017151",0.746982,0.053009,23.9850000000006
"GO:0017151",0.496821,0.000619,23.3559999999998
"GO:0017151",0.746347,0.033436,26.3139999999985
"GO:0017151",0.498093,0.001248,27.4130000000005
"GO:0017151",0.499682,0.001264,24.2069999999985
"GO:0017151",0.5725212,0.0248756,258.185999999998
"GO:0019207",0.498094,0.000624,24.3439999999973
"GO:0019207",1,1,23.7459999999992
"GO:0019207",1,1,28.7250000000022
"GO:0019207",0.497776,0.000622,24.7020000000011
"GO:0019207",0.498094,0.001247,23.9310000000005
"GO:0019207",0.499365,0.00063,24.9189999999981
"GO:0019207",0.497776,0.000622,23.094000000001
"GO:0019207",0.498729,0.000627,30.4969999999994
"GO:0019207",1,1,27.8410000000003
"GO:0019207",0.749841,0.50244,28.4440000000031
"GO:0019207",0.6739675,0.3506812,260.320000000003
"GO:0019787",0.989669,0.068081,31.8899999999994
"GO:0019787",0.999364,0.712318,35.5649999999987
"GO:0019787",0.993484,0.08502,34.1059999999998
"GO:0019787",0.744755,0.023306,31.3139999999985
"GO:0019787",0.497139,0.001858,25.974000000002
"GO:0019787",0.997457,0.205602,30.8050000000003
"GO:0019787",0.49555,0.001227,24.3359999999993
"GO:0019787",0.996345,0.137269,23.3060000000005
"GO:0019787",0.745868,0.060148,25.6529999999984
"GO:0019787",0.663064,0.336059,22.773000000001
"GO:0019787",0.8122695,0.1630888,285.814999999999
"GO:0019887",0.498094,0.000624,23.4389999999985
"GO:0019887",1,1,23.5720000000001
"GO:0019887",1,1,25.2289999999994
"GO:0019887",0.497776,0.000622,22.3369999999995
"GO:0019887",0.498094,0.001247,22.380000000001
"GO:0019887",0.499365,0.00063,24.1090000000004
"GO:0019887",0.497776,0.000622,23.7849999999999
"GO:0019887",0.498729,0.000627,23.512999999999
"GO:0019887",1,1,25.4390000000021
"GO:0019887",0.749841,0.50244,22.5780000000013
"GO:0019887",0.6739675,0.3506812,236.460999999999
"GO:0019899",0.657634,0.04765,25.3960000000006
"GO:0019899",0.746053,0.111409,21.4710000000014
"GO:0019899",0.571658,0.02036,22.2999999999993
"GO:0019899",0.77933,0.179157,22.7510000000038
"GO:0019899",0.729891,0.122593,21.9539999999979
"GO:0019899",0.62328,0.0281,25.1869999999981
"GO:0019899",0.707423,0.111782,28.3099999999977
"GO:0019899",0.646114,0.029165,22.109000000004
"GO:0019899",0.600528,0.091878,25.9939999999988
"GO:0019899",0.655731,0.104927,26.2409999999945
"GO:0019899",0.6717642,0.0847021,241.805
"GO:0019900",0.564277,0.014653,33.5680000000066
"GO:0019900",0.628963,0.159244,23.7900000000009
"GO:0019900",0.629555,0.067508,28.9099999999962
"GO:0019900",0.630011,0.015305,28.163999999997
"GO:0019900",0.560222,0.015809,24.0039999999935
"GO:0019900",0.705084,0.272505,23.224000000002
"GO:0019900",0.702669,0.061307,23.8499999999985
"GO:0019900",0.63279,0.089898,28.7690000000002
"GO:0019900",0.705448,0.060926,26.7369999999937
"GO:0019900",0.793499,0.168039,26.9150000000009
"GO:0019900",0.6552518,0.0925194,268.065000000002
"GO:0019901",0.57483,0.171237,22.7750000000015
"GO:0019901",0.705448,0.307671,26.3179999999993
"GO:0019901",0.701849,0.036562,29.8199999999997
"GO:0019901",0.707275,0.242273,24.8080000000045
"GO:0019901",0.561407,0.013417,22.8950000000041
"GO:0019901",0.633336,0.041579,28.724000000002
"GO:0019901",0.706319,0.102981,22.489999999998
"GO:0019901",0.697385,0.165637,29.5650000000023
"GO:0019901",0.632699,0.020164,26.5410000000047
"GO:0019901",0.777611,0.231292,22.8580000000002
"GO:0019901",0.6698159,0.1332813,256.873
"GO:0019902",0.498093,0.000624,23.1219999999958
"GO:0019902",0.497776,0.001244,22.6440000000002
"GO:0019902",0.498411,0.001251,25.4300000000003
"GO:0019902",0.497776,0.000622,21.6520000000019
"GO:0019902",0.497457,0.001242,22.3580000000002
"GO:0019902",0.498412,0.00125,21.8300000000017
"GO:0019902",0.497775,0.000623,22.7320000000036
"GO:0019902",0.498412,0.00125,22.7450000000026
"GO:0019902",0.498411,0.001251,31.9340000000011
"GO:0019902",0.499047,0.001256,26.5560000000041
"GO:0019902",0.498157,0.0010613,241.082000000002
"GO:0019903",0.498729,0.000627,28.8289999999979
"GO:0019903",0.499365,0.00063,27.6860000000015
"GO:0019903",0.498729,0.000627,32.7089999999953
"GO:0019903",0.497776,0.000622,30.1319999999978
"GO:0019903",0.499047,0.000629,31.5540000000037
"GO:0019903",0.499047,0.000629,28.6330000000016
"GO:0019903",0.499365,0.00063,25.0490000000063
"GO:0019903",0.499682,0.000632,23.2189999999973
"GO:0019903",0.498729,0.000627,22.2540000000008
"GO:0019903",0.49873,0.001252,21.7860000000001
"GO:0019903",0.4989199,0.0006905,271.959000000003
"GO:0019904",0.616799,0.04803,24.4929999999949
"GO:0019904",0.691088,0.025546,24.5789999999979
"GO:0019904",0.487898,0.002954,25.4200000000055
"GO:0019904",0.485996,0.002344,24.7169999999969
"GO:0019904",0.491401,0.003001,28.2230000000054
"GO:0019904",0.591216,0.07054,29.5310000000027
"GO:0019904",0.49172,0.002406,36.6679999999978
"GO:0019904",0.496181,0.003077,30.5180000000037
"GO:0019904",0.491401,0.003001,31.9369999999981
"GO:0019904",0.585933,0.007375,32.0080000000016
"GO:0019904",0.5429633,0.0168274,288.169999999998
"GO:0022803",0.693117,0.270128,26.8760000000038
"GO:0022803",0.910399,0.238658,25.9520000000048
"GO:0022803",0.746072,0.430166,26.3759999999966
"GO:0022803",0.825154,0.203155,34.239999999998
"GO:0022803",0.828928,0.456055,32.7069999999949
"GO:0022803",0.788846,0.4156,31.2839999999997
"GO:0022803",0.742617,0.292733,28.8539999999994
"GO:0022803",0.74586,0.316847,22.1140000000014
"GO:0022803",0.910346,0.224489,25.7580000000016
"GO:0022803",0.828875,0.197672,23.2099999999991
"GO:0022803",0.8020214,0.3045503,277.447999999997
"GO:0022804",0.499046,0.000629,24.9850000000006
"GO:0022804",0.999682,0.5,24.9210000000021
"GO:0022804",0.499682,0.001264,21.6459999999934
"GO:0022804",0.499682,0.000632,24.0339999999997
"GO:0022804",0.49587,0.001229,24.5750000000044
"GO:0022804",0.497775,0.000623,24.7850000000035
"GO:0022804",0.499365,0.00063,24.2099999999991
"GO:0022804",0.997459,0.241186,23.3079999999973
"GO:0022804",1,1,26.1200000000026
"GO:0022804",0.749365,0.502144,22.8710000000065
"GO:0022804",0.6737926,0.2248337,241.538
"GO:0022824",0.499682,0.000632,27.637999999999
"GO:0022824",0.997459,0.107426,24.5659999999989
"GO:0022824",0.998729,0.18907,24.2900000000009
"GO:0022824",1,1,25.9990000000034
"GO:0022824",0.999365,0.306853,24.0339999999997
"GO:0022824",0.999682,0.5,24.0689999999959
"GO:0022824",0.499047,0.000629,23.9699999999939
"GO:0022824",1,1,25.4389999999985
"GO:0022824",1,1,25.6740000000063
"GO:0022824",0.5,0,23.1229999999996
"GO:0022824",0.8493964,0.410461,248.879000000001
"GO:0022832",0.499682,0.000632,23.3659999999945
"GO:0022832",1,1,25.7680000000037
"GO:0022832",1,1,27.5550000000003
"GO:0022832",0.499365,0.00063,25.1949999999997
"GO:0022832",0.499365,0.00126,24.4250000000029
"GO:0022832",0.497776,0.000622,26.0550000000003
"GO:0022832",1,1,28.5279999999984
"GO:0022832",1,1,23.6970000000001
"GO:0022832",0.499047,0.000629,25.5760000000009
"GO:0022832",0.9973,0.172884,23.0980000000054
"GO:0022832",0.7492535,0.4176657,253.343000000001
"GO:0022834",0.747615,0.501779,26.3470000000016
"GO:0022834",0.747139,0.501724,24.5350000000035
"GO:0022834",0.99608,0.449955,22.4619999999995
"GO:0022834",0.496821,0.001237,26.1410000000033
"GO:0022834",0.996398,0.191535,24.445000000007
"GO:0022834",0.744911,0.033236,24.8090000000011
"GO:0022834",0.494596,0.00122,28.4040000000023
"GO:0022834",0.99947,0.776122,24.6820000000007
"GO:0022834",0.745232,0.096148,24.4820000000036
"GO:0022834",0.999152,0.65945,24.5579999999973
"GO:0022834",0.7967414,0.3212406,250.945
"GO:0022835",0.499682,0.000632,28.6829999999973
"GO:0022835",0.997459,0.107426,26.3830000000016
"GO:0022835",0.998729,0.18907,27.8340000000026
"GO:0022835",1,1,28.2350000000006
"GO:0022835",0.999365,0.306853,25.2119999999995
"GO:0022835",0.999682,0.5,27.4989999999962
"GO:0022835",0.499047,0.000629,26.5979999999981
"GO:0022835",1,1,27.1770000000033
"GO:0022835",1,1,26.1730000000025
"GO:0022835",0.5,0,24.2969999999987
"GO:0022835",0.8493964,0.410461,268.233
"GO:0022836",0.99809,0.738909,25.2989999999991
"GO:0022836",0.828032,0.096196,25.372000000003
"GO:0022836",0.744513,0.112338,22.1190000000061
"GO:0022836",0.830047,0.175131,26.4559999999983
"GO:0022836",0.871899,0.365085,23.6979999999967
"GO:0022836",0.829408,0.387723,26.1320000000051
"GO:0022836",0.831425,0.477045,26.3669999999984
"GO:0022836",0.998807,0.67382,24.2909999999974
"GO:0022836",0.826018,0.130327,28.5339999999997
"GO:0022836",0.745706,0.069493,24.4209999999948
"GO:0022836",0.8503945,0.3226067,252.806000000004
"GO:0022838",0.897006,0.600567,27.1039999999994
"GO:0022838",0.793694,0.118855,26.9089999999997
"GO:0022838",0.794904,0.299976,27.5449999999983
"GO:0022838",0.794395,0.31866,23.4409999999989
"GO:0022838",0.912739,0.316484,24.4500000000044
"GO:0022838",0.690382,0.075119,27.961000000003
"GO:0022838",0.897771,0.653063,26.7300000000032
"GO:0022838",0.79414,0.161186,25.3559999999998
"GO:0022838",0.895541,0.376234,27.9029999999984
"GO:0022838",0.91051,0.37316,26.4850000000006
"GO:0022838",0.8381082,0.3293304,263.965000000004
"GO:0022839",0.99809,0.738909,23.2649999999994
"GO:0022839",0.828032,0.096196,25.4069999999992
"GO:0022839",0.744513,0.112338,22.2139999999999
"GO:0022839",0.830047,0.175131,22.9429999999993
"GO:0022839",0.871899,0.365085,24.2640000000029
"GO:0022839",0.829408,0.387723,25.997000000003
"GO:0022839",0.831425,0.477045,26.900999999998
"GO:0022839",0.998807,0.67382,23.4420000000027
"GO:0022839",0.826018,0.130327,25.4309999999969
"GO:0022839",0.745706,0.069493,24.0199999999968
"GO:0022839",0.8503945,0.3226067,243.966999999997
"GO:0022843",0.496823,0.000618,28.2259999999951
"GO:0022843",1,1,24.1659999999974
"GO:0022843",0.99587,0.068477,25.1660000000047
"GO:0022843",0.496506,0.000617,26.198000000004
"GO:0022843",1,1,24.7690000000002
"GO:0022843",1,1,28.7070000000022
"GO:0022843",0.998094,0.136954,26.7679999999964
"GO:0022843",0.498412,0.000625,23.9679999999935
"GO:0022843",0.496506,0.000617,28.0529999999999
"GO:0022843",0.746825,0.070273,28.3159999999989
"GO:0022843",0.7729036,0.3278181,264.417999999998
"GO:0022857",0.712354,0.417831,26.6399999999994
"GO:0022857",0.6894,0.353881,25.3139999999985
"GO:0022857",0.702911,0.073909,22.7139999999999
"GO:0022857",0.944444,0.324715,23.4400000000023
"GO:0022857",0.842784,0.459875,25.7019999999975
"GO:0022857",0.704863,0.159626,29.4309999999969
"GO:0022857",0.632918,0.074495,24.0239999999976
"GO:0022857",0.653319,0.068027,23.8140000000058
"GO:0022857",0.887676,0.195296,22.6290000000008
"GO:0022857",0.836207,0.183984,25.586000000003
"GO:0022857",0.7606876,0.2311639,249.375
"GO:0022890",0.662105,0.03424,24.2589999999982
"GO:0022890",0.996925,0.258175,22.5380000000005
"GO:0022890",0.496501,0.001851,23.3389999999999
"GO:0022890",0.622137,0.253684,23.6399999999994
"GO:0022890",0.656489,0.335626,25.8940000000002
"GO:0022890",0.659457,0.016542,24.6500000000015
"GO:0022890",0.746978,0.170182,24.4329999999973
"GO:0022890",0.499046,0.001886,22.4250000000029
"GO:0022890",0.66391,0.336169,26.2090000000026
"GO:0022890",0.747933,0.193227,22.4060000000027
"GO:0022890",0.6751481,0.1601582,239.902999999998
"GO:0030234",0.872454,0.643153,25.4799999999959
"GO:0030234",0.620703,0.253497,23.5119999999952
"GO:0030234",0.618237,0.048127,23.4579999999987
"GO:0030234",0.618157,0.079997,24.0270000000019
"GO:0030234",0.796372,0.380709,25.7770000000019
"GO:0030234",0.495863,0.002459,24.8349999999991
"GO:0030234",0.865054,0.134414,25.3940000000002
"GO:0030234",0.618555,0.253302,26.1540000000023
"GO:0030234",0.493316,0.002424,23.502999999997
"GO:0030234",0.594398,0.010991,23.4459999999963
"GO:0030234",0.6593109,0.1809073,245.668999999994
"GO:0030594",0.999364,0.717572,27.4360000000015
"GO:0030594",0.996821,0.500885,20.9239999999991
"GO:0030594",0.99841,0.289003,24.0739999999932
"GO:0030594",0.83238,0.477388,23.788999999997
"GO:0030594",0.83185,0.418391,22.6999999999971
"GO:0030594",0.747774,0.501799,25.6199999999953
"GO:0030594",0.83185,0.24619,23.4779999999955
"GO:0030594",0.748251,0.501869,25.1009999999951
"GO:0030594",0.998517,0.363486,23.0989999999947
"GO:0030594",0.663276,0.336083,23.8899999999994
"GO:0030594",0.8648493,0.4352666,240.195
"GO:0030674",0.498729,0.000627,26.1039999999994
"GO:0030674",0.498094,0.000624,24.8070000000007
"GO:0030674",0.498094,0.000624,24.150999999998
"GO:0030674",0.498729,0.000627,23.1500000000015
"GO:0030674",0.498729,0.000627,26.9049999999988
"GO:0030674",0.497141,0.00062,25.2810000000027
"GO:0030674",0.499365,0.00063,24.3700000000026
"GO:0030674",0.499047,0.000629,24.3389999999999
"GO:0030674",0.498094,0.000624,24.4830000000002
"GO:0030674",0.49873,0.001252,24.4850000000006
"GO:0030674",0.4984752,0.0006884,248.153000000006
"GO:0030695",0.499682,0.000633,26.6999999999971
"GO:0030695",0.495868,0.001229,24.7430000000022
"GO:0030695",1,1,22.739999999998
"GO:0030695",0.748887,0.168754,24.1900000000023
"GO:0030695",0.747618,0.501777,22.7039999999979
"GO:0030695",0.495868,0.000615,24.599000000002
"GO:0030695",0.4911,0.001199,28.2649999999994
"GO:0030695",0.748412,0.501895,22.2199999999939
"GO:0030695",0.496821,0.001237,22.3079999999973
"GO:0030695",0.748412,0.096572,22.5219999999972
"GO:0030695",0.6472668,0.2273911,241.073000000004
"GO:0031267",0.495229,0.001225,24.9019999999946
"GO:0031267",0.491094,0.001798,26.1069999999963
"GO:0031267",0.992472,0.137411,25.0369999999966
"GO:0031267",0.662217,0.11377,24.3099999999977
"GO:0031267",0.658185,0.011405,25.0460000000021
"GO:0031267",0.660517,0.016643,27.8170000000027
"GO:0031267",0.829201,0.09256,25.2850000000035
"GO:0031267",0.658397,0.011136,23.8790000000008
"GO:0031267",0.497137,0.001859,24.349000000002
"GO:0031267",0.658932,0.014242,23.6860000000015
"GO:0031267",0.6603381,0.0402049,250.493999999999
"GO:0031625",0.496503,0.000617,23.5930000000008
"GO:0031625",0.497459,0.000621,27.4279999999999
"GO:0031625",0.497141,0.001238,24.8869999999952
"GO:0031625",0.498412,0.000625,22.5659999999989
"GO:0031625",0.749206,0.155642,23.7019999999975
"GO:0031625",0.499046,0.000629,27.2040000000052
"GO:0031625",0.499365,0.00063,26.7860000000001
"GO:0031625",0.497776,0.001244,24.5199999999968
"GO:0031625",0.497776,0.000622,22.7800000000061
"GO:0031625",0.748412,0.076791,22.5899999999965
"GO:0031625",0.5481096,0.0238659,246.135999999999
"GO:0032403",0.495865,0.00123,24.4199999999983
"GO:0032403",0.497139,0.001239,22.6719999999987
"GO:0032403",0.497139,0.001239,22.6919999999955
"GO:0032403",0.497457,0.001862,23.2330000000002
"GO:0032403",0.497457,0.001242,25.2490000000034
"GO:0032403",0.497775,0.001245,25.0749999999971
"GO:0032403",0.496503,0.00185,22.4089999999997
"GO:0032403",0.744596,0.027312,24.2790000000023
"GO:0032403",0.496821,0.001237,27.023000000001
"GO:0032403",0.664654,0.169645,24.5740000000005
"GO:0032403",0.5385406,0.0208101,241.705000000002
"GO:0032553",1,1,26.163999999997
"GO:0032553",0.499682,0.000632,26.3489999999947
"GO:0032553",1,1,22.5899999999965
"GO:0032553",0.499365,0.00063,23.6579999999958
"GO:0032553",0.499365,0.00063,23.877999999997
"GO:0032553",0.499365,0.00063,25.4780000000028
"GO:0032553",0.498729,0.000627,26.2249999999985
"GO:0032553",1,1,25.8439999999973
"GO:0032553",0.999682,0.5,24.0620000000054
"GO:0032553",0.499683,0.001263,24.762999999999
"GO:0032553",0.6995871,0.3504412,249.101999999999
"GO:0032555",1,1,27.3629999999976
"GO:0032555",0.499682,0.000632,24.9770000000062
"GO:0032555",1,1,25.4780000000028
"GO:0032555",0.499365,0.00063,22.2459999999992
"GO:0032555",0.499365,0.00063,23.6469999999972
"GO:0032555",0.499365,0.00063,25.4380000000019
"GO:0032555",0.498729,0.000627,23.5590000000011
"GO:0032555",1,1,23.7979999999952
"GO:0032555",0.999682,0.5,23.7940000000017
"GO:0032555",0.499683,0.001263,23.8839999999982
"GO:0032555",0.6995871,0.3504412,244.286
"GO:0035091",0.496186,0.000616,23.1840000000011
"GO:0035091",0.74857,0.091738,23.7749999999942
"GO:0035091",0.7473,0.053067,22.7589999999982
"GO:0035091",0.74857,0.501926,24.627999999997
"GO:0035091",0.748729,0.251995,23.4029999999984
"GO:0035091",0.498093,0.000624,22.5580000000045
"GO:0035091",0.747934,0.50182,24.1560000000027
"GO:0035091",0.748253,0.114631,20.9570000000022
"GO:0035091",0.746027,0.029886,25.6610000000001
"GO:0035091",0.5,0.001269,22.426999999996
"GO:0035091",0.6729662,0.1547572,233.587999999996
"GO:0035639",1,1,23.2019999999975
"GO:0035639",0.499682,0.000632,23.7839999999997
"GO:0035639",1,1,23.1229999999996
"GO:0035639",0.499365,0.00063,22.7880000000005
"GO:0035639",0.499365,0.00063,24.3589999999967
"GO:0035639",0.499365,0.00063,23.4150000000009
"GO:0035639",0.498729,0.000627,24.4659999999931
"GO:0035639",1,1,22.9579999999987
"GO:0035639",0.999682,0.5,23.570000000007
"GO:0035639",0.499683,0.001263,23.5
"GO:0035639",0.6995871,0.3504412,235.245000000003
"GO:0036094",0.498411,0.000626,23.846000000005
"GO:0036094",0.498411,0.001251,23.6759999999995
"GO:0036094",0.748729,0.251996,22.9300000000003
"GO:0036094",0.498412,0.00125,22.1260000000038
"GO:0036094",0.749205,0.502088,26.1579999999958
"GO:0036094",0.748411,0.501896,26.1199999999953
"GO:0036094",0.498412,0.00125,22.2740000000049
"GO:0036094",0.749046,0.155572,25.6330000000016
"GO:0036094",0.498093,0.001248,26.260000000002
"GO:0036094",0.498729,0.001253,23.1240000000034
"GO:0036094",0.5985859,0.141843,242.228999999999
"GO:0038023",0.620701,0.253499,24.1310000000012
"GO:0038023",0.897454,0.567521,21.9170000000013
"GO:0038023",0.796624,0.474921,21.7520000000004
"GO:0038023",0.869669,0.367534,21.8989999999976
"GO:0038023",0.59586,0.017647,23.1620000000039
"GO:0038023",0.796053,0.284119,22.8270000000048
"GO:0038023",0.869904,0.216182,24.6240000000034
"GO:0038023",0.695162,0.091807,23.1739999999991
"GO:0038023",0.994013,0.45928,23.9719999999943
"GO:0038023",0.797963,0.480747,22.7520000000004
"GO:0038023",0.7933403,0.3213257,230.294999999998
"GO:0042578",0.495229,0.001225,25.8689999999988
"GO:0042578",0.493007,0.00121,23.4909999999945
"GO:0042578",0.496186,0.001846,24.3119999999981
"GO:0042578",0.494596,0.00122,25.4509999999937
"GO:0042578",0.664865,0.07819,22.2189999999973
"GO:0042578",0.745706,0.030737,23.7219999999943
"GO:0042578",0.497139,0.001239,24.413999999997
"GO:0042578",0.664759,0.336312,20.7569999999978
"GO:0042578",0.748252,0.168592,24.4069999999992
"GO:0042578",0.829519,0.152987,21.4530000000013
"GO:0042578",0.6129258,0.0773558,236.178
"GO:0042623",0.999205,0.686147,24.2700000000041
"GO:0042623",0.747775,0.155269,21.8539999999994
"GO:0042623",0.496186,0.001232,23.2559999999939
"GO:0042623",0.747457,0.096378,26.3189999999959
"GO:0042623",0.999682,0.666667,24.9930000000022
"GO:0042623",0.74698,0.096312,22.4749999999985
"GO:0042623",0.494914,0.001222,21.4189999999944
"GO:0042623",0.997298,0.200433,24.5199999999968
"GO:0042623",0.494914,0.001222,25.4559999999983
"GO:0042623",0.495553,0.001838,23.4670000000042
"GO:0042623",0.7219964,0.190672,238.108
"GO:0042802",0.548372,0.03053,23.3199999999997
"GO:0042802",0.605097,0.011821,23.2200000000012
"GO:0042802",0.481812,0.005187,24.6809999999969
"GO:0042802",0.734086,0.126348,24.5649999999951
"GO:0042802",0.541729,0.008589,22.2019999999975
"GO:0042802",0.667385,0.0319,24.7299999999959
"GO:0042802",0.548101,0.011824,23.4079999999958
"GO:0042802",0.534071,0.01038,23.9689999999973
"GO:0042802",0.736399,0.082526,23.7820000000065
"GO:0042802",0.585726,0.011673,22.2960000000021
"GO:0042802",0.5982778,0.0330778,236.250999999997
"GO:0042803",0.492366,0.001207,24.4749999999985
"GO:0042803",0.662217,0.020469,21.7710000000006
"GO:0042803",0.494275,0.001219,23.8990000000049
"GO:0042803",0.657555,0.011824,23.471000000005
"GO:0042803",0.496821,0.001854,22.7419999999984
"GO:0042803",0.493321,0.001213,24.8319999999949
"GO:0042803",0.662958,0.086083,22.0149999999994
"GO:0042803",0.497455,0.001243,23.8029999999999
"GO:0042803",0.493325,0.001817,23.0690000000031
"GO:0042803",0.66264,0.069392,22.8440000000046
"GO:0042803",0.5612933,0.0196321,233.005999999994
"GO:0043167",0.789994,0.426744,23.5030000000042
"GO:0043167",0.48758,0.003537,20.9500000000044
"GO:0043167",0.658009,0.182414,25.0570000000007
"GO:0043167",0.693248,0.038169,25.1159999999945
"GO:0043167",0.569152,0.007514,23.801999999996
"GO:0043167",0.653928,0.064451,24.275999999998
"GO:0043167",0.687062,0.020637,22.1909999999989
"GO:0043167",0.578609,0.013117,22.9979999999996
"GO:0043167",0.826376,0.340743,25.2620000000024
"GO:0043167",0.572771,0.012089,22.4059999999954
"GO:0043167",0.6516729,0.1109415,235.670000000006
"GO:0043168",0.492362,0.00181,25.663999999997
"GO:0043168",0.621897,0.25365,24.288999999997
"GO:0043168",0.620226,0.253447,24.1440000000002
"GO:0043168",0.496183,0.002462,22.0020000000004
"GO:0043168",0.619112,0.086693,25.3550000000032
"GO:0043168",0.747295,0.336814,23.7540000000008
"GO:0043168",0.747455,0.503479,24.237000000001
"GO:0043168",0.620703,0.066024,24.3600000000006
"GO:0043168",0.616088,0.050428,22.9170000000013
"GO:0043168",0.620149,0.016962,24.3709999999992
"GO:0043168",0.620147,0.1571769,241.175999999999
"GO:0043169",0.493961,0.000608,24.3949999999968
"GO:0043169",0.747616,0.055709,25.0709999999963
"GO:0043169",0.497459,0.001241,23.1589999999997
"GO:0043169",0.494278,0.001218,23.6979999999967
"GO:0043169",0.744282,0.0276,22.711000000003
"GO:0043169",0.496503,0.000617,23.836000000003
"GO:0043169",0.745232,0.025502,23.6560000000027
"GO:0043169",0.498094,0.001247,24.2459999999992
"GO:0043169",0.496186,0.001232,25.5019999999931
"GO:0043169",0.496506,0.001233,24.8079999999973
"GO:0043169",0.5710117,0.0116207,241.163999999997
"GO:0043565",0.925098,0.214037,30.3060000000041
"GO:0043565",0.78592,0.155057,26.0240000000049
"GO:0043565",0.761555,0.201399,25.7200000000012
"GO:0043565",0.992273,0.387675,24.1320000000051
"GO:0043565",0.787197,0.212701,23.5080000000016
"GO:0043565",0.882109,0.513715,24.9600000000064
"GO:0043565",0.731226,0.044619,24.5380000000005
"GO:0043565",0.873908,0.154917,23.3790000000008
"GO:0043565",0.934866,0.233147,24.0900000000038
"GO:0043565",0.790581,0.31554,24.5529999999999
"GO:0043565",0.8464733,0.2432807,251.294999999998
"GO:0043621",0.495868,0.000615,24.0020000000004
"GO:0043621",0.497459,0.000621,26.1370000000024
"GO:0043621",0.497776,0.001244,24.4040000000023
"GO:0043621",0.497776,0.000622,21.7860000000001
"GO:0043621",0.746665,0.047408,23.6370000000024
"GO:0043621",0.49555,0.000614,22.2870000000039
"GO:0043621",0.495553,0.000613,23.9210000000021
"GO:0043621",0.748253,0.078751,23.7650000000067
"GO:0043621",0.497141,0.00062,23.5460000000021
"GO:0043621",0.747459,0.114492,24.9559999999983
"GO:0043621",0.57195,0.02456,238.520000000004
"GO:0044212",0.905931,0.112794,23.3070000000007
"GO:0044212",0.739802,0.050253,23.622000000003
"GO:0044212",0.984969,0.105879,26.0520000000033
"GO:0044212",0.776564,0.088643,24.0590000000011
"GO:0044212",0.821702,0.36695,23.4570000000022
"GO:0044212",0.907266,0.209578,27.8780000000042
"GO:0044212",0.988528,0.207646,22.5650000000023
"GO:0044212",0.821542,0.117538,23.6660000000047
"GO:0044212",0.824251,0.230405,25.4609999999957
"GO:0044212",0.850451,0.4655,22.8960000000006
"GO:0044212",0.8621006,0.1955186,243.041000000005
"GO:0044389",0.496503,0.000617,23.148000000001
"GO:0044389",0.497459,0.000621,24.515999999996
"GO:0044389",0.497141,0.001238,23.1869999999981
"GO:0044389",0.498412,0.000625,24.0600000000049
"GO:0044389",0.749206,0.155642,23.8170000000027
"GO:0044389",0.499046,0.000629,23.4210000000021
"GO:0044389",0.499365,0.00063,24.7550000000047
"GO:0044389",0.497776,0.001244,21.7150000000038
"GO:0044389",0.497776,0.000622,24.6630000000005
"GO:0044389",0.748412,0.076791,22.9750000000058
"GO:0044389",0.5481096,0.0238659,236.344999999994
"GO:0044877",0.496501,0.001235,23.7569999999978
"GO:0044877",0.496186,0.001846,23.0319999999992
"GO:0044877",0.49555,0.001227,23.8249999999971
"GO:0044877",0.497455,0.001863,25.1940000000031
"GO:0044877",0.498093,0.001248,25.2459999999992
"GO:0044877",0.663382,0.086137,21.7960000000021
"GO:0044877",0.497137,0.00124,25.1319999999978
"GO:0044877",0.497457,0.001862,24.403999999995
"GO:0044877",0.747298,0.058232,23.4230000000025
"GO:0044877",0.494914,0.001833,21.2189999999973
"GO:0044877",0.5383973,0.0156723,237.112999999998
"GO:0046872",0.496821,0.000619,24.8530000000028
"GO:0046872",0.748571,0.078858,23.6229999999996
"GO:0046872",0.495553,0.000613,26.8299999999945
"GO:0046872",0.498729,0.001254,23.8320000000022
"GO:0046872",0.495553,0.000613,25.5020000000004
"GO:0046872",0.495235,0.001224,22.474000000002
"GO:0046872",0.498411,0.000626,24.4959999999992
"GO:0046872",0.496823,0.001236,22.9509999999937
"GO:0046872",0.4946,0.00061,21.3839999999982
"GO:0046872",0.496823,0.001236,23.5599999999977
"GO:0046872",0.5217119,0.0086889,239.592000000004
"GO:0046873",0.828774,0.387394,24.3039999999964
"GO:0046873",0.66179,0.335936,23.0149999999994
"GO:0046873",0.832061,0.367167,23.0720000000001
"GO:0046873",0.829411,0.208676,23.760000000002
"GO:0046873",0.744116,0.336379,22.9449999999997
"GO:0046873",0.66391,0.046177,21.7969999999987
"GO:0046873",0.832379,0.668989,24.2409999999945
"GO:0046873",0.660093,0.013189,25.1390000000029
"GO:0046873",0.664122,0.031281,24.5210000000006
"GO:0046873",0.621342,0.020843,25.1759999999995
"GO:0046873",0.7337998,0.2416031,238.053
"GO:0046983",0.493639,0.001821,26.4729999999981
"GO:0046983",0.661472,0.016908,24.2590000000055
"GO:0046983",0.66285,0.113838,20.8740000000034
"GO:0046983",0.495547,0.00184,23.239999999998
"GO:0046983",0.495232,0.001836,24.1199999999953
"GO:0046983",0.492684,0.001812,28.6419999999998
"GO:0046983",0.663804,0.0862,23.4919999999984
"GO:0046983",0.486641,0.001763,25.0789999999979
"GO:0046983",0.498092,0.001871,24.8439999999973
"GO:0046983",0.491418,0.001799,21.6399999999994
"GO:0046983",0.5441379,0.0229688,242.748
"GO:0051020",0.828771,0.368587,26.3949999999968
"GO:0051020",0.494275,0.001827,22.3209999999963
"GO:0051020",0.49173,0.001803,23.3600000000006
"GO:0051020",0.61681,0.014019,22.8919999999998
"GO:0051020",0.662956,0.040363,24.273000000001
"GO:0051020",0.656913,0.012154,27.1800000000003
"GO:0051020",0.493003,0.002418,23.239999999998
"GO:0051020",0.661896,0.041642,24.2930000000051
"GO:0051020",0.82782,0.099101,25.3759999999966
"GO:0051020",0.616253,0.009955,25.0659999999989
"GO:0051020",0.6350427,0.0591869,244.478999999999
"GO:0060089",0.694264,0.404105,22.239999999998
"GO:0060089",0.59051,0.007992,23.5920000000042
"GO:0060089",0.895096,0.493818,23.5269999999946
"GO:0060089",0.911253,0.343181,23.8799999999974
"GO:0060089",0.896561,0.30272,25.6239999999962
"GO:0060089",0.692739,0.037156,27.0219999999972
"GO:0060089",0.743737,0.269837,22.9960000000065
"GO:0060089",0.79465,0.30801,24.6410000000033
"GO:0060089",0.795541,0.346323,27.6440000000002
"GO:0060089",0.745223,0.231592,24.6319999999978
"GO:0060089",0.7759574,0.2744734,245.883000000002
"GO:0060090",0.497139,0.00062,27.2200000000012
"GO:0060090",0.498729,0.000627,25.0989999999947
"GO:0060090",0.495553,0.000613,24.9919999999984
"GO:0060090",0.498094,0.001247,22.9690000000046
"GO:0060090",0.496506,0.000617,25.538999999997
"GO:0060090",0.498094,0.000624,28.7609999999986
"GO:0060090",0.499365,0.00126,25.4759999999951
"GO:0060090",0.496823,0.000618,27.6429999999964
"GO:0060090",0.999047,0.225347,25.7139999999999
"GO:0060090",0.4946,0.00122,24.9669999999969
"GO:0060090",0.547395,0.0232793,258.490999999995
"GO:0060589",1,1,25.9860000000044
"GO:0060589",0.489193,0.001188,23
"GO:0060589",0.746503,0.501664,27.1659999999974
"GO:0060589",0.747775,0.114542,30.3139999999985
"GO:0060589",0.498411,0.001251,29.1549999999988
"GO:0060589",0.49555,0.001227,26.5319999999992
"GO:0060589",0.746345,0.50165,28.5449999999983
"GO:0060589",0.497139,0.001239,23.2139999999999
"GO:0060589",0.498093,0.001248,24.7160000000003
"GO:0060589",0.665078,0.078245,24.5319999999992
"GO:0060589",0.6384087,0.2202254,263.239000000001
"GO:0070011",0.489186,0.001782,24.862000000001
"GO:0070011",0.664228,0.054122,26.4530000000013
"GO:0070011",0.494275,0.001827,27.2180000000008
"GO:0070011",0.660729,0.036679,30.6009999999951
"GO:0070011",0.663592,0.034451,24.474000000002
"GO:0070011",0.663592,0.02945,24.6949999999997
"GO:0070011",0.662426,0.03856,26.9879999999976
"GO:0070011",0.663274,0.336085,26.4079999999958
"GO:0070011",0.662214,0.021011,22.9939999999988
"GO:0070011",0.873331,0.592441,30.7069999999949
"GO:0070011",0.6496847,0.1146408,265.474999999999
"GO:0097159",0.786867,0.171269,23.5489999999991
"GO:0097159",0.747219,0.149129,23.7489999999962
"GO:0097159",0.834078,0.19044,24.1690000000017
"GO:0097159",0.80008,0.204067,25.7900000000009
"GO:0097159",0.714781,0.071324,24.859000000004
"GO:0097159",0.734219,0.242871,27.4809999999998
"GO:0097159",0.763537,0.158821,27.1580000000031
"GO:0097159",0.737612,0.155975,24.9179999999978
"GO:0097159",0.744936,0.206434,27.9830000000002
"GO:0097159",0.754177,0.269661,22.273000000001
"GO:0097159",0.7617506,0.1819991,252.014000000003
"GO:0097367",1,1,24.0769999999975
"GO:0097367",0.745868,0.030764,28.5489999999991
"GO:0097367",0.749046,0.502039,25.3069999999934
"GO:0097367",0.74412,0.055293,26.9579999999987
"GO:0097367",0.664759,0.062841,24.0809999999983
"GO:0097367",0.497139,0.001239,28.8940000000002
"GO:0097367",0.748093,0.096494,29.2609999999986
"GO:0097367",0.748887,0.252039,32.3450000000012
"GO:0097367",0.748887,0.155514,32.5350000000035
"GO:0097367",0.83079,0.446518,24.3630000000048
"GO:0097367",0.7477589,0.2602741,276.457000000002
"GO:0098772",0.651201,0.01797,25.2990000000063
"GO:0098772",0.653335,0.021291,24.711000000003
"GO:0098772",0.559592,0.04885,24.3810000000012
"GO:0098772",0.657,0.270377,25.4239999999991
"GO:0098772",0.632386,0.171872,24.0350000000035
"GO:0098772",0.655187,0.079395,22.3630000000048
"GO:0098772",0.659709,0.199427,23.9680000000008
"GO:0098772",0.556178,0.015592,23.3340000000026
"GO:0098772",0.657956,0.020961,30.9500000000044
"GO:0098772",0.692798,0.060222,25.6169999999984
"GO:0098772",0.6375342,0.0905957,250.169000000002
"GO:0099106",0.498412,0.000625,27.5610000000015
"GO:0099106",0.496823,0.000618,26.0239999999976
"GO:0099106",0.496823,0.000618,23.2300000000032
"GO:0099106",0.497776,0.000622,24.2260000000024
"GO:0099106",0.498729,0.000627,31.112000000001
"GO:0099106",0.497141,0.00062,25.2309999999998
"GO:0099106",0.499047,0.000629,28.0780000000013
"GO:0099106",0.497141,0.00062,23.8380000000034
"GO:0099106",0.999682,0.5,29.0869999999995
"GO:0099106",0.498413,0.001249,27.8640000000014
"GO:0099106",0.5479987,0.0506228,266.328000000001
"GO:0099528",0.498094,0.000624,24.4000000000015
"GO:0099528",0.999682,0.5,26.5550000000003
"GO:0099528",1,1,23.8949999999968
"GO:0099528",0.499682,0.000632,28.4330000000045
"GO:0099528",0.499682,0.001264,22.7520000000004
"GO:0099528",1,1,27.4979999999996
"GO:0099528",0.499682,0.000632,24.2479999999996
"GO:0099528",1,1,22.5749999999971
"GO:0099528",0.498729,0.000627,26.2640000000029
"GO:0099528",0.998729,0.398634,23.9060000000027
"GO:0099528",0.749428,0.3902413,250.597000000002
"GO:0099600",0.662423,0.104967,23.8559999999998
"GO:0099600",0.868241,0.400534,22.8699999999953
"GO:0099600",0.871579,0.384793,24.8450000000012
"GO:0099600",0.82623,0.054101,23.2860000000001
"GO:0099600",0.999284,0.859293,25.7130000000034
"GO:0099600",0.743957,0.05028,21.4979999999996
"GO:0099600",0.823785,0.036164,29.2580000000016
"GO:0099600",0.621978,0.087018,24.0190000000002
"GO:0099600",0.873488,0.680337,26.3079999999973
"GO:0099600",0.619831,0.080135,23
"GO:0099600",0.7910796,0.2737622,244.754999999997
"GO:0140096",0.741437,0.074428,23.1370000000024
"GO:0140096",0.800186,0.197766,22.6620000000039
"GO:0140096",0.744006,0.107823,29.0820000000022
"GO:0140096",0.714943,0.112372,28.726999999999
"GO:0140096",0.859186,0.186109,23.711000000003
"GO:0140096",0.80279,0.145752,26.2890000000043
"GO:0140096",0.763113,0.072507,25.7960000000021
"GO:0140096",0.751659,0.112078,27.4920000000056
"GO:0140096",0.800721,0.156253,26.3300000000017
"GO:0140096",0.769452,0.11524,23.5950000000012
"GO:0140096",0.7747493,0.1280328,256.900000000001
"GO:0140097",0.495229,0.001225,27.523000000001
"GO:0140097",0.74698,0.070297,27.3530000000028
"GO:0140097",0.49555,0.001839,25.4490000000005
"GO:0140097",0.746662,0.155134,26.1869999999981
"GO:0140097",0.830896,0.214614,22.8800000000047
"GO:0140097",0.746819,0.060261,23.5
"GO:0140097",0.999046,0.365744,24.5040000000008
"GO:0140097",0.832486,0.533965,25.3729999999996
"GO:0140097",0.744914,0.028634,22.653999999995
"GO:0140097",0.663064,0.03233,21.8569999999963
"GO:0140097",0.7301646,0.1464043,247.358
"GO:0140098",0.49841,0.001251,24.3480000000054
"GO:0140098",0.497775,0.001245,26.2569999999978
"GO:0140098",0.496503,0.00185,25.9949999999953
"GO:0140098",0.499046,0.001257,29.5479999999952
"GO:0140098",0.665183,0.336407,25.1039999999994
"GO:0140098",0.497774,0.001245,24.9680000000008
"GO:0140098",0.497139,0.001239,27.6410000000033
"GO:0140098",0.665395,0.336465,23.3700000000026
"GO:0140098",0.745868,0.029855,22.9180000000051
"GO:0140098",0.498729,0.001879,26.1299999999974
"GO:0140098",0.5561822,0.0712693,256.366999999998
"GO:0140110",0.86871,0.208949,27.9559999999983
"GO:0140110",0.687643,0.018163,23.8350000000064
"GO:0140110",0.590701,0.011264,27.7819999999992
"GO:0140110",0.695226,0.097857,26.6840000000011
"GO:0140110",0.691146,0.076759,29.1549999999988
"GO:0140110",0.592739,0.014416,24.7790000000023
"GO:0140110",0.588797,0.01533,23.5349999999962
"GO:0140110",0.792675,0.075145,25.3120000000054
"GO:0140110",0.789554,0.238485,23.140999999996
"GO:0140110",0.893316,0.181122,21.7779999999984
"GO:0140110",0.7190507,0.093749,254.037000000004
"GO:0140135",0.748728,0.50196,25.5449999999983
"GO:0140135",0.99698,0.191231,25.6870000000054
"GO:0140135",0.997987,0.530323,23.7850000000035
"GO:0140135",0.746345,0.155104,24.1789999999964
"GO:0140135",0.828248,0.094799,23.5509999999995
"GO:0140135",0.746183,0.044106,24.6229999999996
"GO:0140135",0.74857,0.155423,25.7609999999986
"GO:0140135",0.99894,0.62589,24.5829999999987
"GO:0140135",0.748093,0.155322,22.3990000000049
"GO:0140135",0.664124,0.065961,21.114999999998
"GO:0140135",0.8224198,0.2520119,241.315000000002
"GO:1901265",1,1,28.1389999999956
"GO:1901265",0.499682,0.000632,29.7280000000028
"GO:1901265",1,1,29.8510000000024
"GO:1901265",0.499365,0.00063,27.0740000000005
"GO:1901265",0.499365,0.00063,25.5550000000003
"GO:1901265",0.499365,0.00063,23.4409999999989
"GO:1901265",0.498729,0.000627,30.7459999999992
"GO:1901265",1,1,28.3389999999999
"GO:1901265",0.999682,0.5,27.6860000000015
"GO:1901265",0.499683,0.001263,31.5900000000038
"GO:1901265",0.6995871,0.3504412,282.234000000004
"GO:1901363",0.685428,0.099095,24.9159999999974
"GO:1901363",0.896766,0.274501,21.2479999999996
"GO:1901363",0.814521,0.198965,21.9289999999964
"GO:1901363",0.732902,0.094244,28.9639999999999
"GO:1901363",0.752774,0.115075,26.6189999999988
"GO:1901363",0.749611,0.292532,30.9809999999998
"GO:1901363",0.864514,0.270872,27.2030000000013
"GO:1901363",0.754482,0.169604,26.7019999999975
"GO:1901363",0.763293,0.320729,29.9749999999985
"GO:1901363",0.820601,0.345929,28.6800000000003
"GO:1901363",0.7834892,0.2181546,267.309000000001
"GO:1901981",0.496821,0.000619,26.1630000000005
"GO:1901981",0.749047,0.114889,23.4470000000001
"GO:1901981",0.999682,0.5,29.3790000000008
"GO:1901981",0.748411,0.501896,24.6620000000039
"GO:1901981",0.998729,0.18907,29.3740000000034
"GO:1901981",0.746665,0.035116,20.7560000000012
"GO:1901981",1,1,26.4639999999999
"GO:1901981",0.499047,0.001256,23.9279999999999
"GO:1901981",0.498729,0.000627,31.0840000000026
"GO:1901981",0.496188,0.001231,23.637999999999
"GO:1901981",0.7233319,0.2344704,258.980000000003
"GO:1902936",0.999682,0.5,27.1419999999998
"GO:1902936",0.498729,0.000627,32.7419999999984
"GO:1902936",0.499047,0.000629,24.375
"GO:1902936",0.498729,0.000627,25.0350000000035
"GO:1902936",0.499365,0.00063,23.086000000003
"GO:1902936",0.499047,0.000629,29.9170000000013
"GO:1902936",0.497141,0.00062,30.3229999999967
"GO:1902936",0.498094,0.000624,27.775999999998
"GO:1902936",0.498094,0.000624,26.7200000000012
"GO:1902936",0.5,0,24.0489999999991
"GO:1902936",0.5487928,0.050501,271.254999999997
"GO:1990837",0.737731,0.122237,28.8630000000048
"GO:1990837",0.824251,0.108934,24.2170000000042
"GO:1990837",0.990918,0.188032,27.5880000000034
"GO:1990837",0.815116,0.041775,22.7770000000019
"GO:1990837",0.907325,0.169578,23.1029999999955
"GO:1990837",0.822605,0.087214,30.926999999996
"GO:1990837",0.82202,0.229043,25.4879999999976
"GO:1990837",0.820905,0.0602,26.2880000000005
"GO:1990837",0.907266,0.114733,23.4519999999975
"GO:1990837",0.828503,0.208071,24.6319999999978
"GO:1990837",0.847664,0.1329817,257.419000000002
